1641277,171-180
1641361,No-Class
1641529,161-170
1641775,No-Class
1642047,151-160
1642469,141-150
1642553,No-Class
1642793,131-140
1642800,0-10
1642962,131-140
1643221,121-130
1643305,No-Class
1643720,111-120
1643805,No-Class
1644218,101-110
1644470,91-100
1644554,No-Class
1644961,81-90
1645046,No-Class
1645361,71-80
1645452,No-Class
1645949,61-70
1646208,51-60
1646523,No-Class
1646609,61-70
1646700,No-Class
1646791,51-60
1647022,No-Class
1647106,31-40
1647286,No-Class
1647701,21-30
1647876,No-Class
1647960,11-20
1648367,No-Class
1648536,21-30
1648769,No-Class
1648947,11-20
1649031,21-30
1649347,No-Class
