0.03667402267456055,127,154,255,0,0,306,292,273,217,222,255,1111648,1,490,-700,-3360,78,-99,1007,-537,-33,-61,173.987015,4.546237,-5.484503,-0.04207,-0.045662,0.996795,0.050453,-0.079264,-0.095276,0.99229,-0.001264,0.003724,-0.01471
0.10088515281677246,127,157,255,0,0,280,282,280,251,241,249,1111696,1,910,-2240,-3850,99,-59,1006,-537,-27,-55,173.995789,4.534992,-5.493865,-0.041973,-0.045752,0.996798,0.050378,-0.079068,-0.095439,0.99229,0.019932,-0.036439,-0.01371
0.20088696479797363,127,157,255,0,0,266,268,269,253,247,249,1111776,1,210,-3080,-3570,94,-94,1008,-541,-30,-43,173.977936,4.582072,-5.442405,-0.042367,-0.045275,0.996796,0.050532,-0.079887,-0.094542,0.99231,0.014113,-0.000542,-0.01569
0.3008849620819092,125,135,256,0,0,264,264,264,251,249,250,1111856,1,490,-700,-3080,79,-108,1003,-538,-39,-48,173.968781,4.683987,-5.444804,-0.043258,-0.045244,0.996757,0.050566,-0.08166,-0.09457,0.992164,-0.00266,0.01343,-0.010836
0.4008829593658447,125,135,256,0,0,262,261,259,248,246,248,1111936,1,350,-2030,-3710,97,-97,997,-537,-40,-43,173.973358,4.574536,-5.442408,-0.042303,-0.045277,0.996796,0.050575,-0.079756,-0.094543,0.992321,0.017244,0.002457,-0.004679
0.500885009765625,126,112,256,0,0,261,260,257,247,245,247,1112016,1,630,-1540,-3500,90,-93,996,-541,-28,-55,173.971725,4.59484,-5.474658,-0.042495,-0.045547,0.996776,0.050568,-0.080109,-0.095099,0.992239,0.009891,-0.002099,-0.003761
0.6008870601654053,126,112,256,0,0,259,258,255,244,243,245,1112096,1,560,-1400,-3430,83,-90,1018,-543,-37,-43,173.98143,4.492718,-5.482068,-0.041606,-0.045664,0.99681,0.050525,-0.078332,-0.095241,0.992368,0.004668,-0.005241,-0.025633
0.7008860111236572,125,110,255,0,0,257,256,253,243,241,243,1112176,1,-70,-2870,-2940,61,-101,991,-537,-31,-45,173.968414,4.540621,-5.474596,-0.042025,-0.045571,0.996792,0.050621,-0.079166,-0.095105,0.992314,-0.018166,0.005895,0.001314
0.8008830547332764,127,122,254,0,0,256,255,252,242,240,242,1112256,1,140,-1050,-3360,70,-107,1000,-544,-28,-46,173.97966,4.51493,-5.410439,-0.041768,-0.04503,0.996831,0.050557,-0.078719,-0.093997,0.992455,-0.008719,0.013003,-0.007545
0.9008841514587402,127,122,254,0,0,254,253,250,240,238,240,1112336,1,840,-630,-3430,85,-101,1009,-532,-30,-54,173.982819,4.53942,-5.413706,-0.041982,-0.045048,0.996823,0.050518,-0.079145,-0.094051,0.992417,0.005855,0.006949,-0.016584
1.0008840560913086,127,114,185,0,187,253,253,250,240,237,239,1112416,1,1190,-1750,-3220,66,-84,1012,-529,-19,-67,173.99913,4.358329,-5.432533,-0.040408,-0.045303,0.99688,0.050448,-0.075994,-0.0944,0.99263,-0.009994,-0.0104,-0.01937
1.100883960723877,127,114,185,0,187,252,252,248,238,235,237,1112496,1,280,-1260,-3010,63,-93,1005,-538,-28,-70,174.010757,4.342768,-5.477583,-0.040288,-0.045706,0.996872,0.050337,-0.075723,-0.095182,0.992576,-0.012723,-0.002182,-0.012424
1.2008841037750244,80,122,233,0,0,251,251,248,238,235,237,1112576,1,420,-2870,-3360,80,-86,1010,-540,-33,-57,174.006195,4.374973,-5.483696,-0.040573,-0.045742,0.996858,0.050361,-0.076284,-0.095284,0.992523,0.003716,-0.009284,-0.017477
1.3008830547332764,80,122,233,0,0,250,249,246,236,234,236,1112656,1,210,-2030,-3360,82,-92,1001,-543,-33,-54,174.000381,4.499519,-5.495296,-0.041663,-0.045783,0.996811,0.050353,-0.078451,-0.095469,0.992336,0.003549,-0.003469,-0.008664
1.400886058807373,127,121,255,0,139,249,248,245,235,232,234,1112736,1,140,-4060,-3430,71,-104,1001,-537,-30,-60,174.003708,4.448052,-5.469759,-0.041203,-0.045586,0.996839,0.050356,-0.077555,-0.095033,0.992449,-0.006555,0.008967,-0.008552
1.500887155532837,127,113,254,0,80,248,248,244,234,231,233,1112816,1,980,-1400,-3290,91,-108,1011,-526,-34,-51,174.016174,4.657478,-5.47618,-0.043023,-0.045548,0.996774,0.050154,-0.081199,-0.095117,0.992149,0.009801,0.012883,-0.018851
1.6008851528167725,127,113,254,0,80,247,246,243,232,230,232,1112896,1,1190,-2310,-3150,75,-95,1000,-531,-33,-43,173.998459,4.539243,-5.501919,-0.042013,-0.045821,0.996795,0.05035,-0.079142,-0.095578,0.992271,-0.004142,-0.000578,-0.007729
1.7008860111236572,127,136,255,0,0,247,247,243,233,230,232,1112976,1,0,-1260,-3220,81,-102,1010,-534,-34,-51,173.999374,4.593498,-5.496572,-0.042482,-0.045749,0.99678,0.05032,-0.080086,-0.095479,0.992205,0.000914,0.006521,-0.017795
1.8008830547332764,127,136,255,0,0,246,246,243,232,230,231,1113056,1,210,-700,-3430,80,-109,1005,-528,-30,-49,174.008789,4.546892,-5.482111,-0.042066,-0.045649,0.996805,0.050264,-0.079275,-0.095234,0.992293,0.000725,0.013766,-0.012707
1.9008870124816895,128,116,255,0,0,245,245,242,232,229,231,1113136,1,280,-2940,-3360,83,-105,997,-543,-21,-48,174.009903,4.529675,-5.481377,-0.041916,-0.045651,0.996811,0.050262,-0.078975,-0.095224,0.992318,0.004025,0.009776,-0.004682
2.000883102416992,128,116,255,0,0,245,245,242,231,229,230,1113216,1,630,0,-3360,74,-95,1016,-534,-24,-46,174.011856,4.483045,-5.519498,-0.041526,-0.046005,0.996812,0.050252,-0.078164,-0.09589,0.992318,-0.004164,-0.00089,-0.023682
2.100886106491089,127,137,245,0,0,245,245,241,231,228,230,1113296,1,630,-210,-3290,82,-102,1009,-532,-25,-51,174.0056,4.461343,-5.500778,-0.041332,-0.04585,0.996824,0.050322,-0.077786,-0.095569,0.992379,0.004214,0.006431,-0.016621
2.2008841037750244,126,111,255,0,0,245,246,243,232,229,230,1113376,1,630,-1960,-3010,54,-93,1013,-535,-36,-51,174.008926,4.243905,-5.46996,-0.039426,-0.045686,0.996904,0.050398,-0.074002,-0.095062,0.992717,-0.020002,-0.002062,-0.020283
2.300884962081909,126,111,255,0,0,244,244,241,231,228,229,1113456,1,-140,-1330,-3220,67,-109,996,-532,-31,-64,174.029144,4.286058,-5.496851,-0.039796,-0.045907,0.99689,0.050195,-0.074736,-0.095523,0.992618,-0.007736,0.013477,-0.003382
2.4008851051330566,127,115,256,0,0,245,245,242,232,228,230,1113536,1,560,-2310,-3430,81,-91,1008,-532,-30,-52,174.000198,4.34507,-5.452061,-0.040301,-0.045479,0.996877,0.050437,-0.075763,-0.09474,0.992615,0.005237,-0.00374,-0.015385
2.500887155532837,127,115,256,0,0,244,245,241,231,228,229,1113616,1,210,-2520,-3150,70,-109,986,-537,-30,-54,173.996719,4.411197,-5.459701,-0.040881,-0.045513,0.996852,0.050436,-0.076914,-0.094864,0.992515,-0.006914,0.014136,0.006514
2.6008870601654053,127,112,255,0,299,244,244,241,231,227,229,1113696,1,210,-3500,-3500,73,-102,1000,-537,-33,-54,173.998718,4.384264,-5.452121,-0.040643,-0.045461,0.996864,0.050433,-0.076445,-0.094736,0.992563,-0.003445,0.007264,-0.007437
2.700883150100708,127,112,255,0,299,244,244,241,231,228,229,1113776,1,770,-1050,-3080,80,-91,1010,-541,-33,-46,173.981461,4.5536,-5.47877,-0.042134,-0.045606,0.996792,0.0505,-0.079392,-0.095176,0.99229,0.000608,-0.004176,-0.01771
2.800884962081909,127,112,256,0,0,243,243,240,229,226,228,1113856,1,280,-3010,-3430,88,-100,997,-540,-30,-46,173.989471,4.511505,-5.480154,-0.041765,-0.045641,0.996809,0.050448,-0.078659,-0.095205,0.992345,0.009341,0.004795,-0.004655
2.900886058807373,126,113,255,0,0,243,243,240,229,226,228,1113936,1,770,-1050,-3500,82,-99,1005,-531,-28,-49,174.001312,4.60663,-5.437461,-0.042569,-0.045229,0.9968,0.05032,-0.080314,-0.094453,0.992284,0.001686,0.004547,-0.012716
3.000885009765625,126,113,255,0,0,242,242,239,229,226,227,1114016,1,980,-1120,-3220,66,-81,1021,-534,-30,-51,173.991013,4.4932,-5.4938,-0.041612,-0.045769,0.99681,0.050438,-0.078341,-0.095444,0.992348,-0.012341,-0.014444,-0.028652
3.100886106491089,126,119,255,0,0,243,243,240,229,226,227,1114096,1,140,-2800,-3500,95,-106,994,-534,-30,-42,173.992065,4.520769,-5.487185,-0.041848,-0.045699,0.996804,0.050419,-0.07882,-0.095326,0.992321,0.01618,0.010674,-0.001679
3.200885057449341,126,119,255,0,0,243,243,240,229,226,228,1114176,1,350,-1120,-3290,60,-102,1013,-535,-25,-45,174.00177,4.487988,-5.468393,-0.041551,-0.045554,0.996826,0.050356,-0.07825,-0.095004,0.992397,-0.01825,0.006996,-0.020603
3.3008840084075928,126,117,257,0,0,242,242,240,229,226,227,1114256,1,1050,420,-3010,74,-90,1014,-535,-37,-48,173.989594,4.515286,-5.453222,-0.041786,-0.045405,0.996818,0.050455,-0.078725,-0.094738,0.992385,-0.004725,-0.004738,-0.021615
3.4008829593658447,126,117,257,0,0,243,243,240,230,227,228,1114336,1,420,-3150,-3290,73,-104,1004,-537,-27,-51,174.014359,4.301709,-5.466376,-0.039925,-0.045629,0.996891,0.050328,-0.075008,-0.094993,0.992648,-0.002008,0.009007,-0.011352
3.5008859634399414,127,114,106,0,0,242,243,239,229,226,227,1114416,1,490,-1330,-3500,78,-91,1004,-532,-30,-58,174.024094,4.35605,-5.484411,-0.040401,-0.045764,0.996871,0.050213,-0.075954,-0.095299,0.992547,0.002046,-0.004299,-0.011453
3.6008830070495605,125,109,256,0,0,243,243,240,230,227,228,1114496,1,280,-2450,-3290,80,-91,1001,-529,-30,-55,174.005539,4.394587,-5.514326,-0.040757,-0.045999,0.996839,0.050347,-0.076625,-0.095812,0.992446,0.003375,-0.004812,-0.008554
3.7008869647979736,125,109,256,0,0,242,242,238,228,225,227,1114576,1,0,-1610,-3290,82,-106,995,-540,-34,-49,174.003067,4.420285,-5.499412,-0.040975,-0.045857,0.996836,0.050363,-0.077072,-0.09555,0.992436,0.004928,0.01045,-0.002564
3.8008840084075928,127,93,256,0,0,242,242,239,229,226,227,1114656,1,910,-3780,-3430,74,-91,1014,-534,-31,-49,174.001022,4.430135,-5.504861,-0.041064,-0.045899,0.99683,0.050374,-0.077243,-0.095644,0.992414,-0.003243,-0.004644,-0.021586
3.9008851051330566,127,93,256,0,0,242,242,238,228,225,226,1114736,1,630,-1470,-3220,85,-104,1001,-537,-34,-49,173.994629,4.629857,-5.514979,-0.042808,-0.04589,0.996759,0.050339,-0.080718,-0.095792,0.992123,0.004282,0.008208,-0.008877
4.000885963439941,126,114,255,0,0,241,242,238,228,224,226,1114816,1,420,-2590,-3570,98,-92,1007,-529,-28,-40,174.005737,4.625968,-5.501547,-0.042764,-0.045779,0.99677,0.050249,-0.080651,-0.09556,0.992151,0.017349,-0.00356,-0.014849
4.100886106491089,126,114,255,0,0,241,241,238,228,225,226,1114896,1,490,-980,-3360,80,-94,998,-535,-28,-48,173.990036,4.633036,-5.517267,-0.042838,-0.045907,0.996755,0.050377,-0.080774,-0.095832,0.992115,-0.000774,-0.001832,-0.005885
4.200899124145508,126,80,256,0,0,240,240,237,227,224,225,1114976,1,-70,-2730,-3220,75,-101,1000,-535,-22,-46,173.998779,4.569701,-5.512017,-0.042282,-0.045894,0.996781,0.05033,-0.079672,-0.095749,0.992212,-0.004672,0.005251,-0.007788
4.300887107849121,127,57,254,0,0,241,241,238,228,224,226,1115056,1,1330,-980,-3430,105,-90,1016,-549,-33,-42,173.9814,4.562687,-5.545899,-0.042243,-0.046186,0.996762,0.050472,-0.07955,-0.096337,0.992165,0.02545,-0.006337,-0.023835
4.40088415145874,127,57,254,0,0,240,240,237,227,224,225,1115136,1,560,-2870,-3220,64,-98,1006,-531,-27,-42,173.980209,4.42738,-5.542911,-0.041065,-0.046224,0.996806,0.050543,-0.077195,-0.096303,0.992354,-0.013195,0.001697,-0.013646
4.500884056091309,127,114,255,0,0,241,242,239,228,225,226,1115216,1,70,770,-3080,70,-98,999,-540,-34,-48,173.97876,4.535025,-5.529845,-0.041996,-0.046058,0.996777,0.050513,-0.079068,-0.096063,0.99223,-0.009068,0.001937,-0.00677
4.600887060165405,127,114,255,0,0,241,242,239,228,225,226,1115295,1,420,-5950,-2940,74,-22,994,-538,-28,-45,174.007202,4.358074,-5.564425,-0.040461,-0.046453,0.996831,0.050331,-0.075989,-0.096685,0.99241,-0.001989,-0.074685,-0.00159
4.700886011123657,0,112,256,0,0,241,241,239,229,225,226,1115374,1,-1820,-560,-3010,61,-125,1000,-541,-28,-58,175.405899,3.134122,-5.416667,-0.029188,-0.046101,0.997759,0.038729,-0.054673,-0.094257,0.994046,0.006327,0.030743,-0.005954
4.800884962081909,0,112,256,0,0,242,242,239,229,225,226,1115454,1,-350,-2590,-3290,77,-102,998,-541,-30,-61,175.496964,3.403037,-5.481806,-0.031514,-0.046596,0.997701,0.037805,-0.059359,-0.095361,0.993671,0.017641,0.006639,-0.004329
4.900885105133057,0,180,247,0,0,241,241,238,228,224,226,1115526,1,490,-980,-3290,81,-105,998,-544,-33,-58,175.450638,3.765594,-5.472996,-0.034686,-0.046377,0.997596,0.038056,-0.065675,-0.095171,0.993292,0.015325,0.009829,-0.004708
5.000885009765625,155,113,255,0,0,241,241,238,228,225,226,1115606,1,560,-4620,-3360,75,-100,1007,-537,-34,-51,175.444107,3.980597,-5.483529,-0.036563,-0.046389,0.99753,0.038018,-0.069419,-0.095329,0.993022,0.005581,0.004671,-0.013978
5.100886106491089,155,113,255,0,0,240,240,236,226,223,225,1115686,1,770,-420,-3360,89,-88,1001,-543,-27,-51,175.422913,4.343672,-5.490952,-0.039734,-0.046315,0.997411,0.038044,-0.075739,-0.095414,0.992552,0.013261,-0.007414,-0.008448
5.200886011123657,154,153,256,0,0,241,241,237,227,223,225,1115766,1,280,280,-3150,76,-104,995,-532,-25,-46,175.417725,4.359208,-5.473483,-0.039866,-0.046156,0.997411,0.038088,-0.076009,-0.095109,0.992561,-9e-06,0.008891,-0.002439
5.300884008407593,154,153,256,0,0,240,240,237,226,223,225,1115846,1,280,-3220,-3360,75,-101,1009,-540,-25,-42,175.42778,4.244662,-5.472133,-0.038864,-0.046189,0.997451,0.03805,-0.074016,-0.0951,0.992712,0.000984,0.0059,-0.016288
5.400886058807373,126,112,254,0,0,240,240,237,227,223,225,1115926,1,770,-770,-3150,68,-99,999,-546,-33,-46,175.424606,4.368005,-5.501883,-0.039949,-0.046402,0.9974,0.038015,-0.076162,-0.0956,0.992502,-0.008162,0.0034,-0.006498
5.500884056091309,126,112,254,0,0,240,240,237,227,224,225,1116006,1,490,-420,-3290,80,-88,1000,-528,-27,-45,175.424332,4.463734,-5.50433,-0.040783,-0.046388,0.997368,0.037975,-0.077828,-0.09563,0.99237,0.002172,-0.00763,-0.00763
5.600883960723877,0,114,254,0,0,240,240,237,226,223,225,1116086,1,-70,-4900,-3640,84,-93,1002,-538,-24,-45,175.424744,4.322284,-5.479637,-0.039544,-0.046225,0.997423,0.038041,-0.075367,-0.09522,0.992599,0.008633,-0.00222,-0.009401
5.700886011123657,125,113,255,0,0,241,241,238,228,224,225,1116166,1,210,1610,-2940,61,-107,999,-538,-34,-46,175.418411,4.3282,-5.487549,-0.0396,-0.04629,0.997416,0.038091,-0.07547,-0.095357,0.992578,-0.01447,0.011643,-0.006422
5.800883054733276,125,113,255,0,0,240,240,237,227,223,225,1116246,1,910,-2170,-3500,93,-83,1007,-537,-27,-46,175.419067,4.330347,-5.459048,-0.039609,-0.046041,0.997427,0.038094,-0.075507,-0.094863,0.992623,0.017493,-0.011863,-0.014377
5.900886058807373,127,113,255,0,0,241,241,238,228,224,225,1116326,1,280,-2660,-3360,66,-88,1008,-535,-30,-55,175.418335,4.262247,-5.489008,-0.039027,-0.046326,0.997436,0.038119,-0.074322,-0.09539,0.992662,-0.008322,-0.00739,-0.015338
6.000884056091309,127,113,255,0,0,240,241,238,228,224,225,1116406,1,-350,-1750,-3360,77,-94,1000,-538,-31,-60,175.411362,4.405807,-5.513463,-0.040287,-0.046484,0.997378,0.03811,-0.07682,-0.095796,0.992432,0.00018,-0.001796,-0.007568
6.100886106491089,128,112,254,0,0,240,240,237,227,224,225,1116486,1,560,-840,-3290,78,-101,1007,-535,-31,-52,175.412354,4.415293,-5.484917,-0.04036,-0.046233,0.997387,0.038107,-0.076985,-0.0953,0.992467,0.001015,0.0057,-0.014533
6.200884103775024,128,112,254,0,0,240,241,237,227,224,225,1116566,1,560,-4270,-3710,88,-90,998,-537,-34,-49,175.41066,4.464778,-5.484233,-0.040791,-0.046208,0.997371,0.038101,-0.077846,-0.095282,0.992402,0.010154,-0.005282,-0.005598
6.300886154174805,127,155,246,0,0,240,240,236,226,223,224,1116646,1,910,-350,-3290,79,-90,1014,-540,-30,-46,175.399216,4.550402,-5.491543,-0.041543,-0.046236,0.997337,0.038161,-0.079336,-0.095397,0.992273,-0.000336,-0.005397,-0.021727
6.400882959365845,126,155,255,0,0,240,240,236,226,223,224,1116726,1,0,-2520,-3290,83,-98,1003,-531,-31,-57,175.394272,4.499523,-5.505666,-0.041107,-0.046376,0.997346,0.038221,-0.078451,-0.095648,0.992319,0.004549,0.002352,-0.010681
6.500882148742676,126,155,255,0,0,239,239,235,225,222,224,1116806,1,420,-70,-3360,85,-94,995,-538,-34,-49,175.409851,4.543065,-5.428848,-0.041454,-0.045697,0.997368,0.038094,-0.079208,-0.094312,0.992387,0.005792,-0.000312,-0.002613
6.600883960723877,128,155,255,0,71,239,239,235,225,222,224,1116886,1,770,-3570,-3500,75,-90,1015,-541,-25,-42,175.405334,4.427935,-5.450606,-0.040461,-0.045927,0.997395,0.038175,-0.077205,-0.094704,0.992507,-0.002205,-0.004704,-0.022493
6.700884103775024,128,155,255,0,71,239,239,235,225,222,224,1116966,1,210,490,-3150,73,-100,1001,-531,-36,-49,175.398514,4.475341,-5.48783,-0.040889,-0.046231,0.997362,0.038201,-0.07803,-0.095343,0.992382,-0.00503,0.004657,-0.008618
6.800884008407593,126,154,113,0,79,239,239,236,226,222,224,1117046,1,-210,-3150,-3570,92,-92,989,-537,-30,-48,175.40274,4.434472,-5.501529,-0.040536,-0.046367,0.997371,0.038176,-0.077319,-0.095585,0.992414,0.014681,-0.003585,0.003414
6.900889158248901,126,154,113,0,79,239,240,236,226,222,224,1117126,1,210,490,-3430,72,-96,1009,-531,-27,-51,175.408188,4.307467,-5.493683,-0.039426,-0.046347,0.997416,0.038187,-0.075109,-0.095466,0.992595,-0.003109,0.000534,-0.016405
7.000888109207153,115,155,99,0,218,239,239,236,226,222,223,1117206,1,630,-1890,-3290,76,-105,1001,-532,-31,-57,175.404938,4.198082,-5.512225,-0.038482,-0.046547,0.997441,0.038256,-0.073205,-0.0958,0.992705,0.002795,0.0092,-0.008295
7.100887060165405,94,173,95,0,163,239,240,237,226,223,224,1117286,1,840,-2520,-3360,81,-87,1006,-535,-27,-60,175.400986,4.269691,-5.545335,-0.039117,-0.046808,0.997405,0.038248,-0.074451,-0.096365,0.992558,0.006549,-0.009365,-0.013442
7.200890064239502,94,173,95,0,163,239,239,236,226,222,224,1117366,1,700,-2660,-3500,78,-80,1008,-537,-33,-60,175.40155,4.310939,-5.525855,-0.03947,-0.046623,0.9974,0.038232,-0.075169,-0.096022,0.992537,0.002831,-0.016022,-0.015463
7.300887107849121,126,114,256,0,64,239,239,236,226,222,224,1117446,1,-70,-910,-3360,71,-108,1007,-525,-27,-63,175.403366,4.366868,-5.484695,-0.039942,-0.046245,0.9974,0.038206,-0.076142,-0.095302,0.992532,-0.005142,0.012698,-0.014468
7.400882959365845,126,114,256,0,64,239,239,236,226,222,224,1117526,1,490,-3710,-3430,91,-104,1010,-538,-24,-46,175.391861,4.45633,-5.508423,-0.040733,-0.046415,0.997358,0.038259,-0.077699,-0.095702,0.992373,0.013301,0.008298,-0.017627
7.500883102416992,126,154,118,0,134,238,238,235,225,222,223,1117606,1,420,-2240,-3290,68,-90,1007,-529,-30,-54,175.39299,4.404483,-5.503518,-0.04028,-0.046392,0.997377,0.038274,-0.076797,-0.095624,0.992451,-0.008797,-0.005624,-0.014549
7.600883960723877,126,154,118,0,134,239,239,235,225,222,223,1117686,1,490,-1050,-3080,73,-98,998,-537,-27,-45,175.385788,4.438717,-5.489493,-0.040576,-0.046255,0.997369,0.038326,-0.077393,-0.095376,0.992428,-0.004393,0.002624,-0.005572
7.700886964797974,64,155,110,0,0,238,238,234,224,221,222,1117766,1,420,-1260,-3500,85,-88,1014,-540,-28,-48,175.392883,4.360109,-5.504298,-0.039894,-0.046415,0.997391,0.038293,-0.076025,-0.095643,0.992508,0.008975,-0.007643,-0.021492
7.800884962081909,61,154,254,0,0,238,239,235,225,221,223,1117846,1,350,-3150,-3220,74,-111,1004,-541,-28,-40,175.388885,4.371187,-5.479846,-0.039984,-0.046197,0.997396,0.038332,-0.076218,-0.095218,0.992534,-0.002218,0.015782,-0.011466
7.900886058807373,61,154,254,0,0,238,238,234,224,221,222,1117926,1,980,490,-3080,55,-100,1011,-531,-34,-42,175.389404,4.383081,-5.480097,-0.040087,-0.046195,0.997392,0.038322,-0.076425,-0.095221,0.992518,-0.021425,0.004779,-0.018482
8.000885009765625,127,134,189,0,65,238,239,235,225,221,223,1118006,1,630,-770,-3640,98,-96,999,-528,-27,-54,175.397461,4.427327,-5.473539,-0.040467,-0.046124,0.997383,0.038235,-0.077195,-0.095101,0.99247,0.020805,0.000899,-0.00653
8.100887060165405,127,134,189,0,65,239,239,236,225,221,223,1118094,1,350,-2940,-3360,75,-96,1002,-538,-25,-67,175.406509,4.17755,-5.511165,-0.038302,-0.046546,0.997448,0.038251,-0.072847,-0.095785,0.992733,0.002153,0.000215,-0.009267
8.20088815689087,95,112,109,0,143,238,239,236,226,222,223,1118166,1,490,-700,-3080,65,-95,1008,-544,-34,-49,175.404709,4.237947,-5.515272,-0.03883,-0.046559,0.997428,0.038239,-0.073899,-0.095848,0.992649,-0.008899,-0.000848,-0.015351
8.300883054733276,95,112,109,0,143,239,239,236,226,222,223,1118246,1,630,-3290,-3500,83,-91,1008,-531,-37,-60,175.406693,4.216269,-5.466656,-0.038624,-0.046144,0.997455,0.038248,-0.073521,-0.095009,0.992758,0.009479,-0.004009,-0.015242
8.400882959365845,48,155,94,0,0,238,238,235,225,221,223,1118326,1,350,-2520,-3430,79,-92,1007,-523,-27,-60,175.398102,4.299922,-5.504346,-0.039368,-0.046439,0.997411,0.038274,-0.074977,-0.095651,0.992587,0.004023,-0.003651,-0.014413
8.500885009765625,71,175,255,0,0,239,239,236,226,222,223,1118406,1,70,-3290,-3430,69,-100,1007,-534,-34,-61,175.399673,4.291234,-5.497748,-0.03929,-0.046385,0.997417,0.038266,-0.074826,-0.095538,0.99261,-0.005826,0.004462,-0.014391
8.600886106491089,71,175,255,0,0,238,238,234,224,221,223,1118486,1,770,-1330,-3430,99,-88,994,-546,-31,-67,175.387726,4.500369,-5.506127,-0.041117,-0.046378,0.997343,0.038277,-0.078466,-0.095656,0.992317,0.020534,-0.007656,-0.001683
8.700883150100708,125,125,256,0,75,238,238,235,224,221,223,1118566,1,0,-2800,-3500,81,-95,1001,-540,-28,-46,175.38649,4.380243,-5.520449,-0.040077,-0.046546,0.997375,0.038335,-0.076375,-0.09592,0.992455,0.004625,-0.00092,-0.008545
8.80088496208191,125,125,256,0,75,238,238,234,224,221,222,1118646,1,-210,-1120,-3360,82,-108,997,-540,-31,-54,175.390823,4.464565,-5.487183,-0.040798,-0.046227,0.997363,0.038272,-0.077843,-0.095333,0.992397,0.004157,0.012667,-0.004603
8.900882959365845,128,155,111,0,87,237,237,234,223,220,222,1118726,1,630,-1540,-3640,88,-93,1006,-534,-25,-49,175.391296,4.372583,-5.499477,-0.040001,-0.046368,0.997388,0.038303,-0.076242,-0.095558,0.9925,0.011758,-0.002558,-0.0135
9.000883102416992,128,155,111,0,87,238,238,235,224,221,222,1118806,1,0,-3080,-3780,96,-88,984,-540,-36,-49,175.385986,4.412657,-5.53565,-0.040364,-0.046666,0.997359,0.03832,-0.076939,-0.096179,0.992386,0.019061,-0.008179,0.008386
9.100887060165405,59,112,90,0,0,237,237,234,223,220,222,1118886,1,490,-490,-3360,65,-85,1020,-543,-27,-46,175.381256,4.320396,-5.577487,-0.039578,-0.047062,0.997369,0.038387,-0.075334,-0.096916,0.992438,-0.010334,-0.011916,-0.027563
9.200884103775024,74,111,254,0,0,238,239,236,225,221,222,1118966,1,770,-70,-3220,78,-107,1003,-546,-45,-43,175.37793,4.362793,-5.522962,-0.03993,-0.046571,0.997377,0.038416,-0.076072,-0.095966,0.992474,0.001928,0.011034,-0.010526
9.300887107849121,74,111,254,0,0,238,238,235,224,221,222,1119046,1,-350,-2940,-3500,80,-109,991,-532,-24,-55,175.384552,4.194284,-5.522835,-0.03846,-0.046634,0.997431,0.038431,-0.073139,-0.095985,0.992692,0.006861,0.013015,0.001692
9.400886058807373,126,154,255,0,87,238,238,235,225,221,223,1119126,1,140,-980,-3080,58,-114,1002,-534,-22,-54,175.373337,4.194801,-5.472089,-0.038452,-0.046188,0.997448,0.038546,-0.073148,-0.095105,0.992776,-0.015148,0.018895,-0.009224
9.500882148742676,126,154,255,0,87,238,239,235,225,221,223,1119206,1,1400,-2030,-3360,80,-90,1012,-526,-24,-63,175.374405,4.29673,-5.480417,-0.039342,-0.046224,0.997414,0.03849,-0.074922,-0.095237,0.992631,0.005078,-0.005237,-0.019369
9.600887060165405,126,112,136,0,121,238,238,235,225,221,222,1119286,1,210,-1540,-3290,75,-90,1003,-529,-36,-60,175.360016,4.33891,-5.577647,-0.039747,-0.04705,0.997356,0.038563,-0.075656,-0.096916,0.992413,-0.000656,-0.006916,-0.010587
9.70088505744934,126,112,136,0,121,238,239,235,225,221,223,1119366,1,-140,-4760,-3430,80,-91,999,-535,-25,-60,175.366714,4.317872,-5.545592,-0.039551,-0.046781,0.997378,0.038525,-0.07529,-0.096364,0.992495,0.00471,-0.005364,-0.006505
9.800887107849121,54,113,153,0,0,237,237,234,223,220,222,1119446,1,140,-210,-3500,93,-90,1007,-523,-31,-70,175.358582,4.540544,-5.543824,-0.041491,-0.04668,0.997305,0.0385,-0.079165,-0.096304,0.992199,0.013835,-0.006304,-0.014801
9.900889158248901,83,111,256,0,0,238,238,235,224,221,222,1119526,1,280,-2520,-3500,79,-103,1007,-528,-25,-75,175.358521,4.431695,-5.551704,-0.040547,-0.046789,0.997337,0.038545,-0.077271,-0.096455,0.992334,0.001729,0.006545,-0.014667
10.000885963439941,83,111,256,0,0,237,237,233,223,220,221,1119606,1,980,-1050,-3500,87,-82,1007,-529,-22,-43,175.365799,4.463222,-5.505715,-0.040803,-0.04638,0.997348,0.038484,-0.077819,-0.095654,0.992368,0.009181,-0.013654,-0.014632
10.100887060165405,126,105,94,0,81,237,237,234,223,220,221,1119686,1,700,-1540,-3640,83,-87,1008,-532,-31,-39,175.369873,4.416006,-5.509658,-0.040391,-0.046433,0.997363,0.038468,-0.076998,-0.095728,0.992425,0.006002,-0.008728,-0.015575
10.200886964797974,126,105,94,0,81,237,238,234,224,220,222,1119766,1,-140,-2310,-3290,80,-95,1000,-538,-33,-48,175.359558,4.434416,-5.54412,-0.040567,-0.046722,0.99734,0.038537,-0.077318,-0.096323,0.992343,0.002682,-0.001323,-0.007657
10.300886154174805,75,112,82,0,133,237,237,234,224,220,222,1119846,1,420,-2030,-3290,65,-101,1022,-535,-31,-49,175.364807,4.343407,-5.50793,-0.039761,-0.046443,0.997385,0.038544,-0.075734,-0.095708,0.992524,-0.010734,0.005292,-0.029476
10.400885105133057,75,112,82,0,133,238,238,235,225,221,222,1119926,1,70,-910,-3150,77,-118,985,-531,-27,-45,175.364594,4.370623,-5.476562,-0.039988,-0.04616,0.997389,0.038545,-0.076208,-0.095161,0.992541,0.000792,0.022839,0.007541
10.500882148742676,70,155,179,0,0,237,237,234,224,220,222,1120006,1,490,-2450,-3430,79,-96,1000,-543,-34,-57,175.378204,4.253799,-5.467508,-0.038962,-0.046129,0.997433,0.038479,-0.074175,-0.095019,0.992708,0.004825,0.000981,-0.007292
10.60088300704956,56,153,254,0,75,238,238,235,225,221,222,1120086,1,140,-1400,-3290,66,-102,1006,-537,-36,-49,175.377792,4.227296,-5.458216,-0.038729,-0.046057,0.997445,0.038498,-0.073713,-0.094861,0.992758,-0.007713,0.007139,-0.013242
10.70088505744934,56,153,254,0,75,237,238,235,225,221,222,1120166,1,490,-1890,-3430,80,-89,1007,-529,-28,-58,175.374069,4.29459,-5.492574,-0.039327,-0.04633,0.997409,0.038489,-0.074885,-0.095448,0.992614,0.005115,-0.006448,-0.014386
10.80088496208191,128,155,122,0,104,238,238,235,225,221,222,1120246,1,140,-770,-3080,72,-101,995,-531,-31,-57,175.370987,4.337002,-5.476067,-0.039692,-0.04617,0.997402,0.038504,-0.075623,-0.095157,0.992586,-0.003623,0.005843,-0.002414
10.900886058807373,128,155,122,0,104,238,238,235,225,221,223,1120326,1,0,-4830,-3360,76,-102,1008,-544,-30,-69,175.366959,4.337778,-5.4732,-0.0397,-0.046143,0.997401,0.038539,-0.075636,-0.095107,0.99259,0.000364,0.006893,-0.01541
11.000883102416992,55,157,89,0,123,238,238,234,224,221,222,1120406,1,350,-560,-3360,86,-107,1003,-546,-30,-61,175.372498,4.527544,-5.462465,-0.041345,-0.045982,0.997347,0.038414,-0.078938,-0.094897,0.992353,0.007062,0.012103,-0.010647
11.10088300704956,55,157,89,0,123,238,238,234,224,220,222,1120486,1,770,-2030,-3220,70,-90,1000,-528,-28,-75,175.359756,4.47016,-5.499753,-0.040863,-0.046323,0.997346,0.038536,-0.07794,-0.09555,0.992369,-0.00794,-0.00555,-0.007631
11.200884103775024,67,154,98,0,79,237,237,233,223,220,221,1120566,1,280,-1050,-3290,79,-87,1004,-540,-27,-46,175.359818,4.446866,-5.523204,-0.040669,-0.046536,0.997344,0.038537,-0.077535,-0.095959,0.992361,0.001465,-0.008959,-0.011639
11.30088496208191,127,112,255,0,136,237,238,234,224,220,221,1120646,1,700,-1960,-3360,74,-95,1015,-538,-25,-43,175.369873,4.383935,-5.467977,-0.040098,-0.046082,0.99739,0.038496,-0.076439,-0.095011,0.992537,-0.002439,-1.1e-05,-0.022463
11.400885105133057,127,112,255,0,136,237,237,233,223,219,221,1120726,1,70,-1540,-3290,83,-93,996,-535,-34,-48,175.367844,4.429284,-5.47575,-0.040496,-0.046132,0.997372,0.038492,-0.077229,-0.095139,0.992464,0.005771,-0.002139,-0.003536
11.500884056091309,126,108,209,0,86,238,239,235,224,220,222,1120806,1,210,-2450,-3430,79,-86,997,-547,-31,-49,175.37558,4.347814,-5.453012,-0.039777,-0.045967,0.997409,0.038467,-0.075811,-0.094756,0.99261,0.003189,-0.008756,-0.00439
11.600886106491089,126,108,209,0,86,238,238,235,224,221,222,1120886,1,700,-840,-3430,84,-96,1012,-532,-25,-58,175.379471,4.293321,-5.489203,-0.039313,-0.046303,0.997413,0.038444,-0.074862,-0.09539,0.992621,0.009138,0.00061,-0.019379
11.70088815689087,127,164,104,0,94,238,238,235,224,221,222,1120966,1,280,-1890,-3500,87,-79,999,-535,-30,-63,175.387833,4.204151,-5.518939,-0.038544,-0.046598,0.997431,0.0384,-0.07331,-0.095916,0.992686,0.01369,-0.016916,-0.006314
11.800886154174805,127,164,104,0,94,238,239,236,225,222,223,1121046,1,-70,-2660,-3500,80,-93,1001,-526,-27,-57,175.388351,4.159594,-5.456716,-0.038135,-0.046072,0.99747,0.038435,-0.072535,-0.094843,0.992846,0.007465,-0.001843,-0.008154
11.90088701248169,93,114,138,0,0,237,237,234,224,220,222,1121126,1,280,-1890,-3430,79,-96,1007,-532,-30,-57,175.382492,4.306127,-5.47481,-0.039418,-0.046174,0.997416,0.038417,-0.075085,-0.095139,0.992628,0.003915,0.000861,-0.014372
12.000885963439941,66,155,255,0,143,238,238,235,225,221,222,1121206,1,490,-770,-3430,83,-101,1003,-526,-25,-58,175.383408,4.334933,-5.469781,-0.039667,-0.04612,0.997409,0.038399,-0.075587,-0.095048,0.992599,0.007413,0.005952,-0.010401
12.100885152816772,66,155,255,0,143,237,238,234,224,220,222,1121286,1,630,-4130,-3430,84,-91,999,-531,-37,-64,175.375992,4.411743,-5.484239,-0.040343,-0.046215,0.997377,0.038425,-0.076923,-0.095289,0.992473,0.007077,-0.004289,-0.006527
12.200886011123657,125,154,161,0,80,237,238,234,224,220,222,1121366,1,770,-1750,-3570,87,-106,993,-532,-28,-67,175.3815,4.49024,-5.476261,-0.041022,-0.046119,0.997356,0.038346,-0.078289,-0.09514,0.99238,0.008711,0.01086,-0.00062
12.300883054733276,125,154,161,0,80,237,238,234,224,220,222,1121454,1,350,-1330,-3220,75,-101,1000,-534,-33,-46,175.372665,4.486151,-5.503772,-0.040999,-0.046357,0.997344,0.038415,-0.078218,-0.095617,0.99234,-0.003218,0.005383,-0.00766
12.400890111923218,85,155,88,0,124,237,237,234,223,220,221,1121526,1,350,-1400,-3080,70,-99,1007,-534,-27,-64,175.373871,4.466043,-5.496433,-0.040821,-0.046301,0.997354,0.038416,-0.077868,-0.095493,0.99238,-0.007868,0.003507,-0.01462
12.500884056091309,85,155,88,0,124,237,238,234,224,220,221,1121606,1,910,-2310,-3500,87,-84,1006,-532,-30,-46,175.378357,4.395826,-5.506733,-0.040211,-0.046418,0.997373,0.038404,-0.076646,-0.09568,0.992457,0.010354,-0.01168,-0.013543
12.600887060165405,52,114,97,0,0,236,236,233,223,219,221,1121686,1,630,-910,-2940,65,-99,1008,-537,-33,-52,175.374054,4.407653,-5.522805,-0.040321,-0.046552,0.997362,0.03843,-0.076852,-0.095957,0.992414,-0.011852,0.003043,-0.015586
12.700884103775024,79,154,254,0,106,237,238,234,224,220,221,1121766,1,140,-1120,-3570,107,-81,998,-537,-33,-45,175.381836,4.384047,-5.528174,-0.040115,-0.04661,0.99737,0.038371,-0.076441,-0.096053,0.992437,0.030559,-0.015053,-0.005563
12.800887107849121,79,154,254,0,106,237,237,234,223,219,221,1121854,1,840,-1820,-3150,78,-91,1010,-520,-27,-66,175.385742,4.269018,-5.521077,-0.03911,-0.046592,0.99741,0.038389,-0.07444,-0.095945,0.992599,0.00356,-0.004945,-0.017401
12.90088415145874,128,113,255,0,104,237,237,234,225,221,222,1121926,1,490,-560,-3290,64,-94,1008,-532,-33,-61,175.389969,4.23347,-5.487239,-0.038787,-0.046312,0.997436,0.038379,-0.073821,-0.095363,0.992702,-0.009821,-0.001363,-0.015298
13.000883102416992,128,113,255,0,104,238,238,235,225,221,222,1122006,1,70,-3570,-3710,82,-96,1004,-537,-30,-61,175.398727,4.143617,-5.480136,-0.037999,-0.046286,0.997469,0.038344,-0.072257,-0.095251,0.992827,0.009743,0.000749,-0.011173
13.100887060165405,130,112,149,0,134,238,238,235,225,221,223,1122086,1,910,-2380,-3430,76,-90,1011,-538,-22,-61,175.392899,4.284097,-5.480958,-0.039225,-0.04624,0.997424,0.038334,-0.074702,-0.095248,0.992647,0.001298,-0.005248,-0.018353
13.20088505744934,130,112,149,0,134,238,239,235,225,221,222,1122166,1,490,-2380,-3500,84,-94,997,-531,-28,-60,175.39473,4.325285,-5.490529,-0.039585,-0.046308,0.997408,0.038297,-0.075419,-0.095409,0.992577,0.008581,-0.001409,-0.004423
13.300888061523438,56,154,88,0,0,237,237,234,224,220,222,1122246,1,140,-3150,-3500,92,-95,1003,-540,-28,-69,175.384171,4.466687,-5.513475,-0.040828,-0.046453,0.99735,0.03832,-0.077879,-0.095788,0.992351,0.014121,-0.000788,-0.010649
13.40088701248169,88,111,255,0,0,238,239,235,225,221,222,1122326,1,420,-2730,-3570,90,-79,1010,-534,-27,-73,175.396576,4.535424,-5.476435,-0.041409,-0.046109,0.997347,0.038196,-0.079075,-0.095138,0.992319,0.010925,-0.016138,-0.017681
13.50088906288147,88,111,255,0,0,237,237,233,223,219,221,1122414,1,140,-280,-3360,83,-105,1009,-535,-30,-36,175.388367,4.520939,-5.491205,-0.041291,-0.04624,0.997343,0.038268,-0.078823,-0.095395,0.992314,0.004177,0.009605,-0.016686
13.600883960723877,127,154,255,0,70,237,237,234,224,220,221,1122486,1,140,-2030,-3150,81,-120,990,-531,-34,-66,175.388382,4.456761,-5.474777,-0.040727,-0.046121,0.99737,0.038301,-0.077707,-0.095119,0.992428,0.003293,0.024881,0.002428
13.70088505744934,127,154,255,0,70,237,238,234,224,220,222,1122566,1,1190,-1890,-3640,95,-79,1011,-529,-33,-73,175.392014,4.438167,-5.493245,-0.04057,-0.04629,0.99737,0.038271,-0.077383,-0.095441,0.992423,0.017617,-0.016441,-0.018577
13.800886154174805,96,114,89,0,147,237,237,234,224,220,222,1122646,1,560,-980,-3150,61,-89,1017,-531,-36,-48,175.381638,4.384041,-5.541553,-0.040119,-0.046726,0.997364,0.038368,-0.076441,-0.096285,0.992414,-0.015441,-0.007285,-0.024586
13.900882959365845,96,114,89,0,147,237,238,234,224,220,222,1122726,1,-70,350,-3080,83,-113,987,-532,-28,-45,175.385086,4.409459,-5.508901,-0.040328,-0.046434,0.99737,0.038338,-0.076884,-0.095716,0.992435,0.006116,0.017284,0.005435
14.000885009765625,73,117,161,0,168,237,237,234,224,220,222,1122806,1,490,-2870,-3500,83,-103,1002,-528,-37,-57,175.39476,4.260295,-5.521739,-0.03903,-0.046604,0.997415,0.038314,-0.074288,-0.095958,0.992609,0.008712,0.007042,-0.009391
14.100883960723877,76,113,256,0,0,238,239,235,225,221,222,1122886,1,910,-490,-3010,63,-94,1007,-538,-22,-54,175.397263,4.241559,-5.531675,-0.03887,-0.046698,0.997418,0.038297,-0.073962,-0.096132,0.992617,-0.010962,-0.002132,-0.014383
14.200883150100708,76,113,256,0,0,237,238,235,225,221,222,1122966,1,700,-3080,-3290,76,-101,1002,-535,-30,-57,175.399612,4.161021,-5.523078,-0.038165,-0.046653,0.997446,0.038314,-0.07256,-0.095993,0.992734,0.00344,0.005007,-0.009266
14.300887107849121,127,106,256,0,92,238,239,235,225,221,222,1123046,1,70,-2310,-3430,82,-91,1001,-537,-28,-57,175.398849,4.266926,-5.52023,-0.039086,-0.04659,0.997415,0.038276,-0.074403,-0.095931,0.992603,0.007597,-0.004931,-0.008397
14.400886058807373,127,106,256,0,92,238,239,235,225,221,223,1123126,1,-210,-3850,-3220,68,-107,1002,-529,-33,-64,175.397507,4.281172,-5.50663,-0.039206,-0.046466,0.997416,0.038286,-0.074651,-0.095693,0.992608,-0.006651,0.011307,-0.009392
14.500883102416992,59,163,96,0,113,238,238,235,224,221,222,1123206,1,140,-1470,-3430,84,-95,1010,-535,-28,-64,175.392242,4.477296,-5.503083,-0.040914,-0.046361,0.997353,0.038249,-0.078064,-0.095607,0.992354,0.005936,-0.000607,-0.017646
14.600887060165405,59,163,96,0,113,238,239,235,225,221,222,1123286,1,1050,-2520,-3360,80,-84,1009,-534,-22,-70,175.384476,4.44385,-5.55086,-0.040642,-0.046786,0.997342,0.038314,-0.077482,-0.096439,0.992319,0.002518,-0.012439,-0.016681
14.700884103775024,62,154,118,0,0,237,237,233,223,220,222,1123366,1,140,-840,-3290,81,-97,993,-520,-30,-69,175.397522,4.486962,-5.512158,-0.040999,-0.046438,0.997348,0.038195,-0.078232,-0.095763,0.992325,0.002768,0.001237,-0.000675
14.80088496208191,67,155,255,0,0,238,238,235,224,220,222,1123446,1,70,-1820,-3220,69,-87,1013,-537,-30,-70,175.396835,4.429168,-5.501333,-0.040492,-0.046365,0.997371,0.03823,-0.077227,-0.095583,0.992421,-0.008227,-0.008583,-0.020579
14.900885105133057,67,155,255,0,0,237,237,234,223,220,222,1123526,1,490,-1330,-3290,76,-113,1012,-529,-33,-73,175.404968,4.431751,-5.429852,-0.040488,-0.045745,0.997402,0.038184,-0.077272,-0.094344,0.992536,-0.001272,0.018656,-0.019464
15.000883102416992,129,157,245,0,82,237,238,234,224,220,222,1123606,1,210,-2940,-3500,74,-96,995,-534,-33,-66,175.407852,4.394719,-5.47783,-0.04018,-0.046177,0.997395,0.038157,-0.076627,-0.09518,0.992507,-0.002627,0.00082,-0.002494
15.10088300704956,129,157,245,0,82,238,239,235,224,220,222,1123694,1,770,0,-2870,66,-106,996,-528,-34,-78,175.408203,4.357649,-5.448266,-0.039848,-0.045933,0.997419,0.038181,-0.075982,-0.094672,0.992605,-0.009982,0.011328,-0.003395
15.200884103775024,80,114,82,0,124,237,238,235,225,221,222,1123774,1,140,-1820,-3220,73,-99,993,-532,-40,-75,175.413086,4.317371,-5.484741,-0.039507,-0.046267,0.997419,0.038143,-0.075281,-0.095309,0.992597,-0.002281,0.003691,-0.000403
15.300884008407593,80,114,82,0,124,238,239,235,225,221,222,1123846,1,140,-910,-3430,70,-100,998,-541,-30,-55,175.425812,4.165792,-5.476694,-0.03818,-0.046257,0.997472,0.0381,-0.072643,-0.095189,0.992805,-0.002643,0.004811,-0.005195
15.400886058807373,60,174,160,0,0,237,238,234,224,220,222,1123926,1,140,-1610,-3430,76,-100,1000,-532,-31,-58,175.428909,4.223307,-5.507761,-0.03869,-0.046507,0.997443,0.038038,-0.073644,-0.09572,0.99268,0.002356,0.00428,-0.00732
15.500883102416992,109,113,256,0,0,238,238,235,225,221,222,1124006,1,910,-1400,-3360,81,-87,1009,-529,-28,-60,175.424866,4.255609,-5.467272,-0.038959,-0.046142,0.997449,0.038073,-0.074206,-0.095014,0.992706,0.006794,-0.008014,-0.016294
15.600887060165405,109,113,256,0,0,237,238,234,224,220,222,1124094,1,70,-4200,-3500,87,-103,998,-534,-31,-57,175.423233,4.351619,-5.459372,-0.039793,-0.046037,0.997421,0.038049,-0.075877,-0.094866,0.992594,0.011123,0.008134,-0.005406
15.700884103775024,127,150,106,0,83,237,238,234,224,220,222,1124166,1,280,-910,-3220,75,-98,999,-537,-34,-70,175.40271,4.490698,-5.505008,-0.041027,-0.046377,0.997352,0.038151,-0.078297,-0.095638,0.992332,-0.003297,0.002362,-0.006668
15.800883054733276,127,150,106,0,83,237,238,234,224,220,222,1124246,1,910,-2590,-3360,86,-92,995,-537,-22,-66,175.400879,4.514838,-5.515965,-0.041241,-0.046463,0.997339,0.038153,-0.078717,-0.095825,0.992281,0.007283,-0.003825,-0.002719
15.90088415145874,128,154,95,0,111,237,237,234,224,220,222,1124326,1,70,-280,-2870,64,-96,1007,-532,-24,-75,175.387924,4.497643,-5.561888,-0.041112,-0.046864,0.997321,0.038257,-0.078418,-0.096622,0.992227,-0.014418,-0.000622,-0.014773
16.000883102416992,128,154,95,0,111,237,238,234,224,220,222,1124406,1,-350,-2870,-3500,89,-98,997,-534,-21,-76,175.398941,4.470444,-5.539863,-0.040863,-0.046686,0.997343,0.03818,-0.077945,-0.096245,0.992301,0.011055,0.001755,-0.004699
16.10088610649109,69,111,90,0,0,236,237,233,223,219,221,1124486,1,1050,-350,-3360,79,-96,1006,-528,-34,-67,175.396851,4.461287,-5.527699,-0.040781,-0.046583,0.99735,0.038207,-0.077785,-0.096035,0.992334,0.001215,-3.5e-05,-0.013666
16.200886011123657,79,116,256,0,0,237,238,234,224,220,222,1124566,1,840,-3780,-3430,82,-81,1005,-538,-30,-63,175.396988,4.3657,-5.530961,-0.03995,-0.046646,0.997379,0.038246,-0.076122,-0.096104,0.992456,0.005878,-0.015104,-0.012544
16.300888061523438,79,116,256,0,0,237,238,234,224,220,222,1124646,1,490,280,-3220,69,-96,1012,-537,-37,-64,175.408447,4.322918,-5.550271,-0.039579,-0.046834,0.997389,0.038158,-0.075378,-0.096444,0.99248,-0.006378,-0.000444,-0.01952
16.40088415145874,127,132,256,0,63,237,238,235,224,221,222,1124726,1,-70,-2030,-3500,87,-105,994,-535,-27,-69,175.402145,4.349995,-5.470747,-0.039791,-0.04613,0.99741,0.038229,-0.075849,-0.095063,0.992578,0.011151,0.009937,-0.001422
16.500882148742676,127,132,256,0,63,238,239,235,225,221,222,1124806,1,140,-1960,-3500,60,-107,1005,-532,-33,-51,175.408524,4.214036,-5.468225,-0.038604,-0.04616,0.997455,0.038232,-0.073483,-0.095036,0.992758,-0.013483,0.011964,-0.012242
16.600885152816772,127,112,144,0,120,238,238,235,225,221,222,1124886,1,280,-1470,-2940,63,-113,1006,-537,-25,-58,175.402374,4.247951,-5.491965,-0.03891,-0.046352,0.997433,0.038263,-0.074073,-0.095443,0.992675,-0.011073,0.017557,-0.013325
16.700883150100708,127,112,144,0,120,238,239,235,225,221,222,1124966,1,840,-1190,-3430,79,-105,1004,-535,-22,-63,175.40744,4.296926,-5.504661,-0.039338,-0.046446,0.997415,0.038194,-0.074925,-0.095657,0.992591,0.004075,0.009343,-0.011409
16.80088496208191,54,113,110,0,0,237,237,233,224,220,222,1125046,1,1050,-4200,-3500,92,-81,998,-538,-25,-58,175.394379,4.400115,-5.542414,-0.040254,-0.046732,0.997363,0.03825,-0.076721,-0.096298,0.992391,0.015279,-0.015298,-0.005609
16.900882959365845,61,153,255,0,0,237,238,234,224,221,222,1125126,1,490,-1330,-3290,68,-95,1009,-528,-28,-72,175.401917,4.48003,-5.520564,-0.040939,-0.046516,0.997349,0.038157,-0.078112,-0.095909,0.992321,-0.010112,-0.000909,-0.016679
17.000885009765625,61,153,255,0,0,237,237,233,223,220,221,1125206,1,490,-1680,-3150,67,-105,1016,-529,-31,-63,175.398071,4.547128,-5.50136,-0.041518,-0.046323,0.997333,0.038169,-0.079279,-0.095568,0.992261,-0.012279,0.009432,-0.023739
17.10088300704956,127,103,256,0,66,237,237,233,223,220,221,1125286,1,630,-770,-3290,79,-89,1003,-532,-36,-64,175.402176,4.516888,-5.504196,-0.041254,-0.04636,0.997343,0.038145,-0.078753,-0.095621,0.992298,0.000247,-0.006621,-0.010702
17.20088505744934,127,103,256,0,66,237,238,234,224,220,221,1125366,1,140,-2940,-3290,87,-103,998,-535,-39,-61,175.402405,4.492403,-5.535057,-0.041052,-0.046638,0.997339,0.038142,-0.078327,-0.096158,0.99228,0.008673,0.006842,-0.00572
17.30088496208191,126,111,84,0,110,237,237,233,223,220,221,1125446,1,560,630,-2940,59,-111,1010,-529,-27,-69,175.402969,4.457078,-5.51906,-0.040739,-0.046511,0.997357,0.038158,-0.077712,-0.095886,0.992354,-0.018712,0.015114,-0.017646
17.400882959365845,126,111,84,0,110,237,237,234,224,220,222,1125526,1,840,-1890,-3500,100,-82,1006,-534,-27,-64,175.411835,4.391283,-5.513908,-0.040161,-0.046494,0.997383,0.038112,-0.076567,-0.095805,0.992451,0.023433,-0.013805,-0.013549
17.500882148742676,56,175,110,0,165,236,237,233,223,219,221,1125606,1,-210,-1050,-3290,70,-105,1006,-522,-33,-61,175.426773,4.24485,-5.565746,-0.038897,-0.047003,0.997413,0.038027,-0.074019,-0.096722,0.992555,-0.004019,0.008278,-0.013445
17.600887060165405,71,183,256,0,0,237,238,235,224,220,222,1125686,1,-210,-1120,-3500,84,-107,992,-532,-33,-61,175.428452,4.269056,-5.487417,-0.039081,-0.046313,0.997437,0.038029,-0.07444,-0.095362,0.992655,0.00956,0.011638,0.000655
17.70088815689087,71,183,256,0,0,237,238,234,224,221,222,1125774,1,700,-3290,-3220,62,-91,1008,-529,-22,-55,175.431778,4.13798,-5.506968,-0.037946,-0.046532,0.99747,0.03805,-0.072159,-0.095717,0.99279,-0.010159,-0.004717,-0.01521
17.800886154174805,126,112,206,0,87,237,238,234,224,220,222,1125846,1,770,-2450,-3500,78,-92,1009,-541,-34,-58,175.43222,4.218201,-5.475751,-0.038633,-0.046232,0.997459,0.038022,-0.073555,-0.095166,0.99274,0.004445,-0.003166,-0.01626
17.900886058807373,126,112,206,0,87,238,239,235,224,220,222,1125926,1,630,-2940,-3500,75,-95,1003,-528,-30,-60,175.430786,4.274133,-5.529996,-0.039139,-0.046683,0.997419,0.037992,-0.074529,-0.096099,0.992578,0.000471,-0.001099,-0.010422
18.000882148742676,125,113,112,0,102,237,237,234,224,220,222,1126006,1,420,-2450,-3290,80,-93,997,-528,-25,-63,175.421997,4.46998,-5.521368,-0.040844,-0.046534,0.997358,0.037986,-0.077937,-0.095924,0.992333,0.002063,-0.002924,-0.004667
18.100887060165405,125,113,112,0,102,237,238,234,224,220,222,1126086,1,-280,-3570,-3710,84,-107,1000,-532,-28,-61,175.437973,4.443783,-5.489733,-0.040599,-0.046273,0.997385,0.03787,-0.077481,-0.09538,0.992421,0.006519,0.01162,-0.007579
18.200883150100708,70,116,99,0,0,236,236,233,223,219,221,1126166,1,770,-1330,-3360,86,-100,1014,-528,-28,-69,175.433578,4.523881,-5.491869,-0.041299,-0.046261,0.997357,0.037873,-0.078875,-0.095406,0.992309,0.007125,0.004594,-0.021691
18.300888061523438,74,111,255,0,78,237,237,233,223,220,221,1126246,1,1190,-1120,-3150,66,-88,1003,-526,-25,-69,175.436005,4.41418,-5.48106,-0.040339,-0.046208,0.997397,0.037903,-0.076966,-0.095233,0.992475,-0.010966,-0.007233,-0.010525
18.400885105133057,74,111,255,0,78,237,237,233,223,219,221,1126334,1,-210,-1540,-3080,72,-113,994,-547,-42,-43,175.436234,4.440248,-5.457536,-0.040558,-0.045994,0.997398,0.037898,-0.077419,-0.094823,0.992479,-0.005419,0.018177,-0.001521
18.500883102416992,127,112,161,0,100,236,237,233,223,220,221,1126406,1,0,-280,-3290,70,-99,1017,-525,-24,-64,175.440094,4.363486,-5.507358,-0.039905,-0.046457,0.997404,0.03788,-0.076084,-0.095695,0.992499,-0.006084,0.003305,-0.024501
18.600888967514038,127,112,161,0,100,236,237,233,223,220,221,1126486,1,560,-350,-3290,72,-100,1010,-528,-31,-73,175.441406,4.352162,-5.477326,-0.039796,-0.0462,0.99742,0.037884,-0.075887,-0.095177,0.992564,-0.003887,0.004823,-0.017436
18.700883150100708,127,112,99,106,109,236,237,233,223,219,221,1126574,1,490,-2240,-3430,90,-83,1008,-532,-30,-57,175.446533,4.186793,-5.478776,-0.038355,-0.046274,0.997472,0.03791,-0.073008,-0.095222,0.992775,0.016992,-0.012222,-0.015225
18.80088496208191,127,112,99,106,109,237,238,234,224,220,221,1126646,1,210,-840,-3290,64,-99,1002,-537,-37,-58,175.44548,4.23165,-5.455835,-0.038739,-0.046058,0.997467,0.037907,-0.073789,-0.094819,0.992756,-0.009789,0.004181,-0.009244
18.90088415145874,127,154,81,0,68,236,237,233,223,219,221,1126726,1,140,-2170,-3640,90,-97,1001,-528,-31,-67,175.453217,4.205334,-5.479417,-0.038514,-0.046275,0.997468,0.037843,-0.073331,-0.095231,0.992751,0.016669,0.001769,-0.008249
19.000883102416992,66,112,255,88,0,237,238,234,224,220,221,1126806,1,140,-2240,-3360,84,-93,999,-541,-33,-58,175.450272,4.235854,-5.464056,-0.038776,-0.046129,0.997464,0.037861,-0.073862,-0.094961,0.992737,0.010138,-0.001961,-0.006263
19.10088610649109,66,112,255,88,0,236,237,233,223,219,221,1126886,1,280,-4550,-3430,71,-102,1002,-537,-25,-54,175.444519,4.240712,-5.489331,-0.038829,-0.046346,0.997451,0.037901,-0.073947,-0.095398,0.992689,-0.002947,0.006602,-0.009311
19.200884103775024,127,131,184,107,84,236,237,233,223,219,221,1126966,1,560,-910,-3360,82,-91,998,-537,-30,-72,175.437485,4.488997,-5.488338,-0.040992,-0.046245,0.997371,0.037855,-0.078268,-0.09535,0.992362,0.003732,-0.00435,-0.005638
19.300884008407593,127,131,184,107,84,237,238,234,223,220,221,1127046,1,630,-3080,-3430,83,-91,1006,-529,-25,-64,175.440735,4.460167,-5.491506,-0.040741,-0.046284,0.99738,0.037838,-0.077766,-0.095408,0.992396,0.005234,-0.004408,-0.013604
19.400885105133057,127,112,137,0,101,236,237,233,223,219,221,1127126,1,700,-1330,-3290,78,-102,988,-526,-28,-72,175.438904,4.54627,-5.482732,-0.041488,-0.046176,0.997355,0.03782,-0.079264,-0.095245,0.992293,-0.001264,0.006755,0.004293
19.50088596343994,127,112,137,0,101,236,236,233,223,220,221,1127206,1,700,-1820,-3010,68,-105,991,-525,-30,-75,175.441315,4.484551,-5.457326,-0.040942,-0.045978,0.997386,0.037835,-0.07819,-0.094813,0.99242,-0.01019,0.010187,0.00142
19.60088610649109,86,112,128,0,104,236,236,232,222,218,220,1127286,1,-140,-1470,-3010,73,-98,990,-534,-36,-69,175.431732,4.488354,-5.48721,-0.040989,-0.046233,0.997369,0.037906,-0.078256,-0.09533,0.992365,-0.005256,0.00267,0.002365
19.700883150100708,61,116,184,0,86,236,237,233,223,219,220,1127366,1,-140,-1820,-3150,62,-103,1006,-531,-34,-72,175.44136,4.339524,-5.489769,-0.03969,-0.046313,0.997419,0.037885,-0.075667,-0.095394,0.99256,-0.013667,0.007606,-0.01344
19.800884008407593,61,116,184,0,86,236,236,233,223,219,220,1127446,1,210,-350,-3080,60,-113,1002,-540,-30,-69,175.440704,4.246527,-5.459962,-0.038871,-0.046087,0.99746,0.037941,-0.074048,-0.094889,0.99273,-0.014048,0.018111,-0.00927
19.900886058807373,127,68,68,0,83,236,237,234,223,220,221,1127526,1,910,-1750,-3500,79,-83,1004,-540,-30,-72,175.443878,4.177327,-5.462718,-0.038269,-0.046137,0.99748,0.037942,-0.072844,-0.094945,0.992814,0.006156,-0.011945,-0.011186
20.000883102416992,127,68,68,0,83,237,237,234,224,220,221,1127606,1,630,-1960,-3430,73,-92,1009,-535,-27,-70,175.451492,4.147433,-5.474424,-0.038009,-0.046252,0.997487,0.037885,-0.072323,-0.095152,0.992832,0.000677,-0.003152,-0.016168
20.100887060165405,126,62,111,57,110,236,237,233,223,220,221,1127686,1,210,-140,-3290,66,-95,1000,-537,-34,-69,175.450241,4.204545,-5.484334,-0.03851,-0.046317,0.997466,0.037868,-0.073317,-0.095316,0.992743,-0.007317,-0.000316,-0.007257
20.200886964797974,126,62,111,57,110,237,238,234,225,221,222,1127766,1,490,-910,-3500,75,-96,1002,-531,-30,-61,175.456284,4.20004,-5.493474,-0.038472,-0.0464,0.997465,0.037814,-0.073239,-0.095475,0.992734,0.001761,0.000525,-0.009266
20.300886154174805,51,59,98,0,130,236,237,233,223,219,221,1127846,1,210,-4760,-3360,72,-87,1008,-538,-37,-57,175.439545,4.236078,-5.561491,-0.038815,-0.046974,0.997421,0.037921,-0.073866,-0.096649,0.992574,-0.001866,-0.009649,-0.015426
20.400882959365845,66,48,255,0,96,237,237,233,223,220,221,1127926,1,-140,-980,-3360,78,-106,1002,-537,-30,-49,175.452942,4.393363,-5.496253,-0.040156,-0.046354,0.997403,0.037759,-0.076604,-0.095499,0.992478,0.001396,0.010501,-0.009522
20.50088596343994,66,48,255,0,96,236,236,232,222,219,220,1128006,1,980,-2380,-3500,83,-103,998,-531,-33,-54,175.438675,4.461399,-5.544887,-0.04077,-0.046747,0.997357,0.037837,-0.077787,-0.096333,0.992305,0.005213,0.006667,-0.005695
20.60088300704956,125,179,255,0,115,236,237,233,223,219,220,1128086,1,770,-1190,-3290,75,-96,1002,-537,-33,-72,175.433228,4.448979,-5.562356,-0.04067,-0.046902,0.997352,0.037883,-0.077571,-0.096637,0.992292,-0.002571,-0.000637,-0.009708
20.700886011123657,125,179,255,0,115,236,237,233,223,219,221,1128174,1,490,-2520,-3010,59,-102,1005,-528,-33,-64,175.4431,4.372705,-5.518617,-0.039988,-0.046552,0.997397,0.037846,-0.076244,-0.095889,0.992468,-0.017244,0.006111,-0.012532
20.800886154174805,126,114,105,0,101,236,236,233,223,219,221,1128246,1,210,-70,-3290,77,-94,1009,-534,-36,-69,175.446884,4.41766,-5.503935,-0.040373,-0.04641,0.99739,0.037799,-0.077026,-0.095629,0.992432,-2.6e-05,-0.001629,-0.016568
