1641008,76.698814,173,0.0,0.0
1641016,76.699379,173,0.0,0.0
1641032,76.700470,173,0.0,0.0
1641040,76.700348,173,0.0,0.0
1641048,76.701530,173,0.0,0.0
1641056,76.700638,173,0.0,0.0
1641064,76.701225,173,0.0,0.0
1641072,76.701813,173,0.0,0.0
1641088,76.702286,173,0.0,0.0
1641096,76.702858,173,0.0,0.0
1641104,76.702744,173,0.0,0.0
1641112,76.703323,173,0.0,0.0
1641120,76.703087,173,0.0,0.0
1641128,76.703659,173,0.0,0.0
1641136,76.703537,173,0.0,0.0
1641144,76.703407,173,0.0,0.0
1641152,76.703964,173,0.0,0.0
1641160,76.703773,173,0.0,0.0
1641168,76.704887,173,0.0,0.0
1641176,76.720718,173,0.0,0.0
1641192,76.831688,174,-0.22781238773150664,-0.97370504568687
1641200,76.934624,174,-0.22606268968384016,-0.9741127554512916
1641207,77.109413,174,-0.2230899715853192,-0.9747978583163083
1641214,79.533257,174,-0.18166477026681632,-0.9833605194657272
1641221,78.123390,174,-0.20580470904432788,-0.9785930828159269
1641228,76.831657,174,-0.2278129145566019,-0.973704922428364
1641242,76.285889,174,-0.23707741531141266,-0.9714907612269197
1641249,75.998047,174,-0.24195496923121126,-0.9702874794947751
1641256,75.628906,174,-0.24820120061140868,-0.9687085031190008
1641263,75.385834,174,-0.2523086101855048,-0.9676468184344219
1641277,75.648781,170,0.7435954680659111,2.9063836257231834
1641284,75.679291,170,0.7420477135642201,2.9067791781960515
1641291,75.973312,170,0.727121480259675,2.910548806143779
1641298,76.035904,170,0.7239414573040149,2.9113414032704132
1641312,76.624542,170,0.6939936140612551,2.9186251666910223
1641319,76.849045,170,0.6825522185813047,2.9213220412870844
1641326,76.908585,170,0.6795161031817434,2.9220297509636515
1641333,76.927933,170,0.67852933503136,2.922259047637957
1641340,76.895332,170,0.6801919752744932,2.9218724949545942
1641347,76.902153,170,0.6798441247246026,2.9219534503611517
1641354,76.919518,170,0.678958518309902,2.922159360886128
1641361,76.997795,167,1.3499313139906874,5.846168441595519
1641368,77.023544,167,1.3473038814305287,5.846774516866734
1641382,77.018089,167,1.3478605333400715,5.846646216649697
1641389,77.080643,167,1.3414765193026355,5.848114289936516
1641396,76.931412,167,1.3567037883951758,5.844600485110524
1641403,77.035988,167,1.3460339958855307,5.847066998241121
1641417,76.927109,167,1.357142722935556,5.844498578114556
1641424,76.895599,167,1.360356718512493,5.8437513292745376
1641431,76.892540,167,1.3606687122470016,5.843678692015167
1641438,76.703079,167,1.379984637002792,5.83914740365717
1641452,76.874237,165,1.8167138559981109,7.790991641981429
1641459,77.008507,165,1.7984510569131118,7.795227629510771
1641466,77.053383,165,1.7923450189352372,7.796633846288925
1641473,77.077835,165,1.7890175026941217,7.797398051597346
1641480,77.206261,165,1.7715354943069024,7.801388465677811
1641487,77.150215,165,1.7791658641363444,7.799651840171584
1641501,77.214577,165,1.7704031697984717,7.801645506966304
1641508,77.286087,165,1.7606646771062249,7.803849043567567
1641515,77.100861,165,1.7858837437728774,7.798116391393999
1641522,77.122665,165,1.782916028936531,7.79879544761633
1641529,77.068192,160,2.9092859181997897,12.67028237436579
1641536,77.130951,160,2.89540576688663,12.673461462642305
1641543,77.117340,160,2.898416351659722,12.672773281820817
1641557,77.091919,160,2.9040387241354333,12.67148606473297
1641719,77.587402,160,2.794350901343216,12.696125512933557
1641726,77.594398,160,2.792800642525942,12.696466617571469
1641733,77.606415,160,2.7901376722511846,12.69705208975236
1641740,77.646339,160,2.7812896230460025,12.698993189727153
1641747,77.672798,160,2.7754249739643235,12.700276225889544
1641754,77.686012,160,2.7724958633201653,12.700915978301431
1641761,77.705666,160,2.7681389430418664,12.701866272009601
1641768,77.730850,160,2.7625556502840647,12.70308176306378
1641775,77.761452,159,2.9677528124798567,13.681828943676278
1641783,77.737144,159,2.9735571245586696,13.680568629519255
1641791,77.856041,159,2.945161590975765,13.68670972889544
1641798,77.911621,159,2.931883359857084,13.68956025459522
1641812,77.875526,159,2.9405068800334457,13.687710520334509
1641819,77.961830,159,2.9198859047510144,13.692124243638617
1641826,78.046440,159,2.899663252500316,13.696421175697662
1641833,78.042770,159,2.900540551409345,13.696235413778123
1641840,78.068916,159,2.894290194657809,13.697557602328514
1641847,78.141167,159,2.87701503356336,13.70119646223097
1641854,78.196808,159,2.8637081916399745,13.7039839241417
1641861,78.173485,155,3.689082438394584,17.61790767267012
1641868,78.146141,155,3.6974900380894904,17.61614507825787
1641875,78.196259,155,3.6820793585969187,17.61937262211667
1641882,78.212502,155,3.6770842272678506,17.62041576086041
1641889,78.253792,155,3.664385183521544,17.62306106290243
1641896,78.155113,155,3.6947314640426083,17.616723855717712
1641903,78.253326,155,3.6645285158853023,17.623031259016237
1641917,78.239082,155,3.6689095709738897,17.6221196954287
1641924,78.215965,155,3.6760192293730736,17.620637974411693
1641931,78.207436,155,3.6786421815072954,17.62009057015415
1641938,78.193344,155,3.6829757631588818,17.619185268564046
1641945,78.274567,155,3.6579949591401593,17.624388581704196
1641952,78.207970,153,4.087197734530913,19.577916505053476
1641959,78.174606,153,4.098597489824759,19.57553316301761
1641973,78.281845,153,4.061951322850455,19.58317010728328
1641980,78.310547,153,4.052140734160139,19.58520246182204
1641987,78.337326,153,4.042986526286284,19.587094219109368
1641994,78.409386,153,4.018348955165575,19.59216352714829
1642010,78.465149,153,3.999279022058318,19.59606509745577
1642018,78.494843,153,3.98912266658741,19.598135124315235
1642026,78.533676,153,3.97583884663532,19.6008343053449
1642033,78.565109,153,3.965085048020447,19.603012537922957
1642047,78.498665,149,4.785378402030902,23.51808141727076
1642054,78.531311,149,4.771977489128649,23.520804213360762
1642068,78.535721,149,4.7701671017450735,23.521171438119936
1642075,78.516296,149,4.778141215073526,23.5195528556309
1642089,78.592239,149,4.746962908813138,23.525865406874033
1642096,78.602592,149,4.742711850088896,23.52672277022506
1642110,78.642220,149,4.726438716215871,23.529997387629596
1642118,78.670357,149,4.714882958190486,23.532315625338807
1642125,78.693619,149,4.705328485240443,23.53422792117865
1642132,78.660378,149,4.718981425497935,23.531494094209265
1642139,78.635933,147,5.12310565792144,25.490268504230656
1642146,78.573753,147,5.150765840624029,25.48469366610202
1642153,78.555908,147,5.1587029005832745,25.48308820342452
1642315,79.082314,147,4.924362142505969,25.529407699542386
1642322,78.969398,147,4.974664779970948,25.51965341314252
1642329,78.958740,147,4.979411788136406,25.518727598455378
1642336,78.927567,147,4.993295062553508,25.51601466566201
1642357,78.830963,147,5.036309422077489,25.507559416868826
1642364,78.942627,147,4.9865880928149116,25.517326254774353
1642371,78.976265,147,4.971606168879743,25.52024945218124
1642378,78.977341,143,5.735915658788561,29.446549399806834
1642385,79.017517,143,5.715266227423623,29.45056420426731
1642392,79.066933,143,5.689863820741598,29.455482506681435
1642399,79.008995,143,5.719646551545263,29.449713807189983
1642406,78.863579,143,5.794371069903406,29.435102580155323
1642413,78.877769,143,5.787080929398305,29.43653672422411
1642420,78.857750,143,5.7973656271993885,29.434512936085202
1642427,78.731392,143,5.862265266237258,29.421656070797038
1642434,78.688492,143,5.884292975550118,29.41725847487987
1642441,78.536636,143,5.962239342014451,29.401559516946293
1642455,78.369560,143,6.047949592286544,29.38404849113139
1642462,78.185806,143,6.142156271204748,29.36450095506648
1642469,78.019493,141,6.642524682203074,31.30298493508763
1642476,77.940117,141,6.685884589946135,31.293752527460185
1642483,77.968002,141,6.670653596843739,31.297002741331568
1642490,77.870987,141,6.723637069724697,31.28566292336833
1642504,77.884964,141,6.716004899038396,31.28730218788594
1642511,77.936958,141,6.687609959297588,31.293383853976287
1642518,77.972374,141,6.668265434753786,31.297511659741705
1642525,77.966309,141,6.6715783710458245,31.29680562036633
1642539,78.043877,141,6.629202122774305,31.305809033075708
1642546,78.054138,141,6.6235955144256105,31.30699574314471
1642553,78.037743,139,7.047088239969761,33.26166783758866
1642560,78.033432,139,7.049590865961039,33.26113751245677
1642567,78.041084,139,7.04514869189871,33.26207870697557
1642574,78.025116,139,7.054418365761451,33.26011397335865
1642581,77.928635,139,7.110415413320255,33.24818781001482
1642588,77.922371,139,7.114050309556848,33.247410247913955
1642595,77.826614,139,7.169605911647575,33.235474286847
1642602,77.747032,139,7.215761988656585,33.22548387793711
1642609,77.698303,139,7.244017034676659,33.21933499035335
1642616,77.640572,139,7.277485021841097,33.212019085820096
1642623,77.642189,139,7.276547710203747,33.21222445758683
1642630,77.594635,139,7.304110479337262,33.206173674568944
1642637,77.563530,136,7.968207394348908,36.1318096823373
1642644,77.539665,136,7.9832564261835275,36.12848760789468
1642651,77.581039,136,7.957165513629523,36.13424299731081
1642658,77.524269,136,7.992964255967623,36.12634111562952
1642665,77.472992,136,8.025292409304216,36.119173325882805
1642679,77.441147,136,8.045366208866273,36.114707288931925
1642686,77.420586,136,8.058325711393802,36.11181782642754
1642693,77.396156,136,8.073722477442729,36.108378603272065
1642700,77.389977,136,8.077616498657216,36.10750769162309
1642707,77.422615,136,8.057046888267882,36.11210317110113
1642714,77.417603,136,8.060205796239426,36.111398235491635
1642730,77.358559,132,8.97281093523617,40.00610783268608
1642737,77.391411,132,8.949870936827859,40.01124604675695
1642751,77.364502,132,8.968661256742728,40.007038321547896
1642758,77.372765,132,8.962891486209571,40.008331334941126
1642765,77.404373,132,8.940818980584519,40.01326974837747
1642772,77.414459,132,8.933775149832226,40.01484301571406
1642779,77.442665,132,8.914075258306045,40.01923615324581
1642786,77.431511,132,8.92186579511421,40.01750005602513
1642793,77.525551,4,36.5047121875258,165.01032085329058
1642800,77.536278,132,8.848677757422822,40.03374703853351
1642955,77.991257,132,8.530498867388141,40.102750392878164
1642962,77.984344,129,9.159874269019829,43.03599311478415
1642969,78.059555,129,9.103373923901641,43.047980013023
1642976,78.045219,129,9.114144691195433,43.045700906687
1642983,78.060768,129,9.102462559799712,43.04817272948347
1642990,78.060768,129,9.102462559799712,43.04817272948347
1642997,78.072517,129,9.093634964693429,43.0500383638494
1643004,78.016762,129,9.135523003219424,43.04116889046636
1643011,77.996429,129,9.150796782830817,43.0379241859936
1643018,77.991035,129,9.154848464146047,43.0370625112649
1643025,78.003319,129,9.14562126920019,43.03902428727158
1643032,78.014450,129,9.137259793558078,43.04080021868816
1643039,78.046486,129,9.11319280553848,43.045902440175205
1643046,78.078178,127,9.502535145523373,45.007797388986866
1643053,78.075706,127,9.504476977353193,45.00738736459786
1643060,78.082680,127,9.498998640983451,45.00854390911346
1643067,78.067329,127,9.511057236238168,45.0059972697973
1643074,77.988716,127,9.572798998814552,44.99290521102516
1643081,77.987610,127,9.573667510446564,44.992720415634125
1643088,78.025261,127,9.544099202911845,44.99900188231932
1643095,78.042061,127,9.530904396341215,45.001798423927504
1643102,78.052673,127,9.522569254509245,45.00356291220813
1643109,78.076630,127,9.503751149079442,45.007540635946455
1643116,78.102127,127,9.483721556117526,45.01176541134586
1643123,78.122581,127,9.467652217984327,45.01514813348165
1643130,78.140678,127,9.453433610826965,45.018136267127794
1643144,78.123161,123,10.290431014370972,48.929613012351446
1643151,78.116722,123,10.29592974494045,48.92845624672058
1643158,78.111763,123,10.300164507199561,48.927564941703636
1643165,78.143646,123,10.272936518382531,48.93328902995672
1643172,78.132683,123,10.282299247615466,48.931322505962235
1643186,78.197769,123,10.226708355725096,48.942971264594696
1643193,78.241104,123,10.189687984059432,48.95069211755351
1643200,78.273804,123,10.161749056582718,48.95649963090744
1643207,78.342957,123,10.102653742825279,48.96872866792213
1643214,78.436508,123,10.022685495309153,48.98515872651756
1643221,78.406319,121,10.450434028297732,50.939065839689256
1643228,78.464890,121,10.398355770723073,50.9497222491494
1643242,78.558121,121,10.315437268924558,50.96657486972106
1643249,78.565048,121,10.309275387793297,50.96782162284983
1643256,78.597252,121,10.280626489777298,50.97360806317019
1643263,78.672775,121,10.213427990491441,50.987114928019274
1643270,78.734047,121,10.158896634951935,50.99800799208104
1643277,78.510704,121,10.357612790903799,50.95802053920173
1643284,78.537262,121,10.333991385887575,50.96281607246995
1643291,78.573158,121,10.302060982950447,50.96928035104645
1643298,78.613472,121,10.26619583673712,50.976516387860016
1643305,78.621536,118,10.850887732964427,53.91899698071731
1643312,78.579247,118,10.890681430381369,53.91097344680345
1643319,78.621674,118,10.850757866097284,53.91902311551395
1643326,78.667839,118,10.80731010677712,53.927748407067334
1643333,78.658005,118,10.816565873241876,53.92589269274844
1643340,78.623604,118,10.848941605489767,53.919388591124374
1643347,78.712593,118,10.765183598928287,53.936173595105586
1643354,78.731712,118,10.747185065135717,53.939762820907205
1643361,78.745087,118,10.734593193537103,53.94227015031224
1643368,78.724701,118,10.753785325563198,53.93844733742066
1643375,78.738136,118,10.741137274025167,53.94096745573393
1643382,78.744896,118,10.734773014289507,53.94223436539945
1643543,78.867615,115,11.198442032633176,56.908653964417
1643550,78.874718,115,11.191386938837738,56.910041806215645
1643557,78.902725,115,11.163567157045193,56.915505517654346
1643564,78.870834,115,11.195244764506391,56.90928302713708
1643571,78.863800,115,11.202231231318489,56.90790819771952
1643578,78.920815,115,11.145596664853056,56.91902735451842
1643585,78.985573,115,11.08125738009654,56.93158819913648
1643592,78.970863,115,11.095873513003792,56.92874134374851
1643599,78.954994,115,11.111640430014793,56.92566597725546
1643613,79.095215,115,10.972292078825337,56.952689194953265
1643620,78.980576,115,11.0862225753279,56.93062154069891
1643627,79.076454,113,11.369938084517766,58.91285520117178
1643634,79.149979,113,11.294328625841407,58.927397201060046
1643641,79.165382,113,11.27848658512135,58.930431360624176
1643649,79.161201,113,11.282786839256612,58.92960818756474
1643657,79.203911,113,11.23885580348342,58.93800234338204
1643664,79.258392,113,11.182808186002173,58.94866241972826
1643671,79.285728,113,11.154682318580885,58.9539910639775
1643678,79.234070,113,11.207830824792099,58.94391001793858
1643685,79.248955,113,11.19251727519756,58.94681973647437
1643692,79.325996,113,11.11324616081023,58.961816116612596
1643699,79.360596,113,11.077638043891511,58.96851647590032
1643706,79.361130,113,11.077088453404544,58.96861971757056
1643720,79.517265,110,11.462171612521654,61.94851589767993
1643727,79.533585,110,11.444525872894397,61.95177824360372
1643734,79.487534,110,11.494315390696157,61.94255979291787
1643741,79.503815,110,11.476713511475493,61.94582348290735
1643749,79.579437,110,11.394944164972308,61.960917096805176
1643756,79.625984,110,11.344603459887114,61.97015388344551
1643770,79.608536,110,11.363474397650672,61.96669629417028
1643777,79.676193,110,11.290293898889432,61.980071504288375
1643784,79.804573,110,11.15138979732998,62.00521353554075
1643791,79.882370,110,11.067188009028108,62.02029788361891
1643805,79.952682,107,11.514454159640035,64.98782459357713
1643812,80.061317,107,11.391214123363074,65.00953961378048
1643819,80.081886,107,11.367875174831697,65.01362483364117
1643826,80.084381,107,11.365044083033466,65.01411979709259
1643840,80.171173,107,11.26654729192958,65.03126103743271
1643847,80.166290,107,11.272089502990639,65.0303006162248
1643854,80.187019,107,11.248561498812816,65.03437448155725
1643861,80.212540,107,11.219592416525748,65.03937842574327
1643875,80.308456,107,11.110697574446444,65.05806944114765
1643882,80.361893,107,11.050016238922291,65.06840355440998
1643889,80.404884,105,11.33455946085758,67.04869694355203
1643896,80.499771,105,11.22350525377171,67.06737604691688
1643903,80.516312,105,11.204142776133281,67.07061342087174
1643910,80.556770,105,11.156779729192454,67.07850822785403
1643917,80.600502,105,11.105577646523235,67.08700429395431
1643924,80.639015,105,11.060480688732817,67.09445406987204
1643931,80.704468,105,10.983826773050302,67.10704545291517
1643938,80.731407,105,10.952273555572162,67.11220234773937
1643945,80.760284,105,10.918447701361696,67.11771375570409
1643952,80.758102,105,10.921003742993008,67.11729789886905
1643959,80.775002,105,10.901206306822605,67.12051624545278
1644113,81.738968,105,9.770455660799001,67.29441430148836
1644127,81.715256,102,10.23058293521026,70.25905758552263
1644134,81.842621,102,10.074376215627058,70.28162593356821
1644141,81.928574,102,9.968931034639779,70.29666004887143
1644148,81.928543,102,9.968969068791614,70.29665465515039
1644162,82.096947,102,9.762310077963646,70.32565180602089
1644169,82.163902,102,9.680121915077404,70.33701187645974
1644176,82.196175,102,9.640501645169445,70.34245324147777
1644183,82.266479,102,9.5541816674097,70.35422952933342
1644190,82.394798,102,9.3965932768274,70.37545051216284
1644197,82.534767,102,9.224643820497805,70.39819561881505
1644204,82.619759,102,9.120205713486087,70.41180190666687
1644218,82.705246,99,9.396060477828522,73.40104936236939
1644225,82.795403,99,9.280549663241676,73.4157435292193
1644232,82.863029,99,9.193890884146265,73.42664618795014
1644239,82.734459,99,9.35863477639366,73.40583052538861
1644246,82.876884,99,9.176134924055486,73.4288672652352
1644253,82.915146,99,9.12709723986021,73.43497869526576
1644260,82.873726,99,9.180182125543492,73.42836138810297
1644267,82.848129,99,9.212985470394974,73.42425279648606
1644274,82.899185,99,9.147553814478895,73.43243329218508
1644281,82.945610,99,9.088050786121283,73.4398211661009
1644288,82.966354,99,9.061461223027317,73.44310669153077
1644295,82.961128,99,9.068159997677816,73.44227988193528
1644302,83.018112,96,9.359779625599582,76.42901625273095
1644309,83.090714,96,9.262925572180022,76.44081507836147
1644316,83.149208,96,9.184881344894736,76.45023188114085
1644323,83.159882,96,9.170638779220415,76.45194166521253
1644330,83.131554,96,9.208436786550251,76.44739820260797
1644337,83.172455,96,9.153861925602055,76.45395223169966
1644344,83.217621,96,9.093590788077787,76.46114442368089
1644351,83.238609,96,9.065581719466321,76.46447036426576
1644358,83.264259,96,9.031349431056162,76.46852115383271
1644365,83.351700,96,8.914637798525481,76.48221514130654
1644372,83.414528,96,8.830765464909216,76.49194455172236
1644379,83.488121,96,8.732508882261488,76.50322404069794
1644386,83.487694,93,9.073328858777293,79.48380151590938
1644393,83.556503,93,8.977866775516663,79.49464075119198
1644400,83.627754,93,8.879003142290994,79.50574383778311
1644407,83.630577,93,8.875085832252351,79.50618121548887
1644414,83.628952,93,8.87734075121916,79.5059294718749
1644421,83.593781,93,8.926143770638806,79.50046513943101
1644428,83.579170,93,8.946416898332375,79.49818629806111
1644435,83.555191,93,8.979687098665801,79.49443514869488
1644442,83.527229,93,9.01848161471364,79.49004333477917
1644449,83.605797,93,8.909470835265807,79.5023353709534
1644456,83.638809,93,8.863662650029841,79.50745552730552
1644463,83.709175,93,8.76601142256109,79.51828119206003
1644470,83.771973,90,9.004308540019338,82.51013530298042
1644477,83.888809,90,8.836037505019931,82.5283250842393
1644484,83.982468,90,8.701120179122404,82.54265871431855
1644491,84.011147,90,8.659802942789481,82.54700365847361
1644498,83.987770,90,8.693481862406452,82.54346353956811
1644505,84.062332,90,8.586056397318982,82.55470692542042
1644512,84.114609,90,8.510729442699143,82.56250652901215
1644519,84.107506,90,8.520964712037218,82.5614508131744
1644526,84.077072,90,8.564817963069329,82.55691305553694
1644533,84.120392,90,8.502396168200988,82.56336511673298
1644540,84.200310,90,8.387225891781787,82.5751442132572
1644547,84.213722,90,8.36789617850354,82.57710526257132
1644554,84.198959,88,8.5913217077204,84.56470416973298
1644561,84.274498,88,8.479823806813323,84.575957506879
1644715,85.409500,88,6.802860337588309,84.72733379038472
1644722,85.483040,88,6.6941059488873735,84.73599557180567
1644729,85.514458,88,6.647640169713834,84.73965352875835
1644736,85.586441,88,6.5411731049968065,84.74793834902691
1644743,85.652718,88,6.443136414546428,84.75544816201224
1644750,85.709976,88,6.358433648945605,84.7618447270466
1644757,85.746971,88,6.303702913161787,84.76593260020559
1644764,85.785919,88,6.24608005220719,84.77019808860553
1644771,85.815536,88,6.202260303556705,84.77341545040477
1644779,85.822685,88,6.191682772072507,84.77418866878067
1644786,85.853783,85,6.3625755988526365,87.76968515238552
1644793,85.864685,85,6.345875037151434,87.7708942076635
1644807,85.920303,85,6.260671341980566,87.77701290399271
1644814,85.951988,85,6.212129034229065,87.78046168061597
1644821,86.010101,85,6.123093363266345,87.78671726215033
1644828,86.099434,85,5.98621287875573,87.79615740663266
1644835,86.145012,85,5.91637036340264,87.80089157703952
1644842,86.171669,85,5.875520147377561,87.80363467987962
1644849,86.209183,85,5.818030093112502,87.80746281402075
1644856,86.232407,85,5.782438154894473,87.80981385349146
1644863,86.282471,85,5.705709354359716,87.81483291997755
1644870,86.330452,83,5.760172739049383,89.81547979060353
1644877,86.339561,83,5.745893617973322,89.81639441956537
1644884,86.352379,83,5.72580008259777,89.81767762202563
1644891,86.410095,83,5.6353207716261755,89.82339984547946
1644898,86.484558,83,5.518579352402035,89.83064778755211
1644912,86.548218,83,5.418767235735968,89.83672390311723
1644919,86.576118,83,5.375020884288572,89.83935190379248
1644926,86.656555,83,5.248891017078413,89.84680930946203
1644933,86.762054,83,5.083446841722835,89.85632180435263
1644940,86.804840,83,5.01634463157785,89.860092847366
1644947,86.817024,83,4.997235687239771,89.86115754588396
1644954,86.918762,83,4.837664753724714,89.86988928295489
1644961,87.028091,80,4.82170975434404,92.8749218844617
1644968,87.088326,80,4.724067788319268,92.87993961847393
1644975,87.102005,80,4.701893163824462,92.8810648123501
1644982,87.198799,80,4.544975673266756,92.88887552408745
1644989,87.354012,80,4.293325394059519,92.90084691250517
1644996,87.388466,80,4.237460021613546,92.90341184566488
1645003,87.408592,80,4.204826047126577,92.90489458534145
1645010,87.512466,80,4.036387922413678,92.91236501424228
1645018,87.603363,80,3.8889819039798055,92.91865162469006
1645025,87.647758,80,3.816983755954684,92.92163706589966
1645032,87.708549,80,3.7183914805080334,92.92563459453848
1645039,87.820351,80,3.5370575166895017,92.93271342279655
1645046,87.947739,77,3.4378610818467816,95.93842353917394
1645053,88.006134,77,3.3400803094589477,95.94187752762798
1645060,88.034653,77,3.292324785015847,95.94352816897015
1645067,88.245796,77,2.938737844528026,95.9550093527229
1645074,88.320068,77,2.814349800812831,95.95873819094676
1645081,88.381989,77,2.7106431388399863,95.96172369113562
1645088,88.462273,77,2.576177022193479,95.96542769117596
1645095,88.532974,77,2.4577570894313943,95.9685335414132
1645102,88.668823,77,2.2302078173941036,95.97409115532814
1645109,88.656746,77,2.2504375142671957,95.97361893246695
1645116,88.665298,77,2.236112413372257,95.9739537649396
1645123,88.706558,77,2.1669988024967695,95.97553915550554
1645130,88.780205,74,2.1074952473034574,98.97756545693875
1645284,89.854477,74,0.2514454229102729,98.99968068230977
1645291,89.854652,74,0.2511430455914843,98.99968144984433
1645298,89.922997,74,0.13305159245405657,98.99991059225127
1645305,89.990456,74,0.01649084808097278,98.99999862652489
1645312,89.973114,74,0.046455671341552054,98.99998910035596
1645319,89.956848,74,0.07456129635439526,98.99997192228433
1645326,90.003662,74,-0.006327481759284082,98.9999997977928
1645333,89.990547,74,0.016333611370793106,98.99999865259161
1645340,89.912056,74,0.1519562637129517,98.99988338020363
1645347,89.868294,74,0.22757143070242764,98.99973844028038
1645354,89.829041,74,0.2953955078352935,98.9995592994936
1645361,89.840317,71,0.28427303115743463,101.99960386611194
1645368,89.818352,71,0.32337573760832905,101.99948739151745
1645375,89.780380,71,0.3909744371229903,101.99925067856879
1645382,89.823112,71,0.3149018565041739,101.99951390482589
1645389,89.895546,71,0.18595265111707815,101.99983049795496
1645396,89.940239,71,0.10638865456689106,101.99994451691717
1645403,89.910286,71,0.1597120126214981,101.99987496106563
1645417,89.990601,71,0.016732436557248813,101.9999986275763
1645424,89.998566,71,0.002552858190039549,101.9999999680535
1645431,89.980125,71,0.035382186551480746,101.9999938632394
1645438,89.986717,71,0.02364687241151708,101.99999725894813
1645445,90.064682,71,-0.11514918995247582,101.99993500323446
1645452,90.119553,68,-0.21909215648354902,104.99977142178439
1645459,90.131760,68,-0.2414625985308186,104.99972236064966
1645466,90.133537,68,-0.24471911238815958,104.99971482130812
1645473,90.306168,68,-0.5610794945142846,104.99850089311198
1645487,90.305969,68,-0.5607148131704064,104.99850284122289
1645494,90.372406,68,-0.6824648344030864,104.99778208014588
1645501,90.506844,68,-0.9288280282613831,104.9958917219808
1645508,90.544960,68,-0.998676302806415,104.99525058612039
1645515,90.556343,68,-1.0195357764094721,104.99505010618654
1645522,90.622177,68,-1.1401764955911888,104.9938093296881
1645529,90.677917,68,-1.2423188024899197,104.99265042846085
1645536,90.707390,65,-1.3333648614318256,107.99176884441842
1645543,90.727600,65,-1.371456826827169,107.99129180712742
1645557,90.893082,65,-1.6833517432838874,107.9868803462179
1645564,90.959129,65,-1.8078311357700054,107.9848681370892
1645571,90.995354,65,-1.876103719168569,107.98370356139357
1645578,91.049416,65,-1.9779919614543884,107.98188527619075
1645585,91.136559,65,-2.1422227442555433,107.97875199183399
1645593,91.224907,65,-2.308719424549874,107.97532039599932
1645601,91.265648,65,-2.3854962614082798,107.97365145065164
1645609,91.324455,65,-2.4963165254488193,107.9711461632448
1645617,91.400314,65,-2.639266939821785,107.96774643392517
1645625,91.425171,63,-2.7358497612916133,109.96597258281146
1645633,91.466309,63,-2.814803908101878,109.96397991596582
1645640,91.546913,63,-2.969498969374186,109.9599112216397
1645647,91.575333,63,-3.0240411999690546,109.95842475599989
1645654,91.602638,63,-3.076442878148821,109.95697112606133
1645661,91.669258,63,-3.20429195664906,109.95331970002795
1645668,91.732712,63,-3.3260612037372925,109.94970357790417
1645675,91.773056,63,-3.403479876971274,109.94733432297052
1645682,91.765457,63,-3.388897799316566,109.94778475124356
1645689,91.837799,63,-3.527715803517876,109.94341827144365
1645696,91.974968,63,-3.790915558035973,109.93465768005939
1645851,92.894081,63,-5.553874267330379,109.85970362522687
1645858,92.878021,62,-5.5732902097556645,110.85999475120789
1645865,92.900467,62,-5.616719916021734,110.8578028709976
1645879,93.071556,62,-5.947723139432163,110.8405367609552
1645886,93.077515,62,-5.959250985285696,110.83991757347337
1645893,93.132278,62,-6.065188448278204,110.83417112554626
1645900,93.289139,62,-6.368600584662701,110.81715086841491
1645914,93.331230,62,-6.450008078461121,110.81244242316738
1645921,93.435600,62,-6.651853226200118,110.80050924367221
1645928,93.555069,62,-6.882871776682738,110.78639842555468
1645935,93.576225,62,-6.9237782819847205,110.78384942897551
1645942,93.621956,62,-7.012198918944633,110.77828788314591
1645949,93.701248,59,-7.359161078166074,113.76222021490969
1645956,93.749298,59,-7.454562970136356,113.75600859262016
1645963,93.759865,59,-7.475542743555074,113.75463182081546
1645970,93.809196,59,-7.573481376047881,113.74815330301699
1645984,93.969406,59,-7.8915130299148375,113.7265317421519
1645991,94.055069,59,-8.061536843008351,113.71460602635362
1645998,94.113754,59,-8.178004378026348,113.70628937922908
1646005,94.231606,59,-8.411869997171943,113.68922747187034
1646012,94.356796,59,-8.660258145538775,113.67057635488891
1646019,94.382721,59,-8.711690534138778,113.66664615461036
1646026,94.377396,59,-8.70112645680622,113.66745531761792
1646033,94.452980,56,-9.08399061030128,116.64682213670443
1646040,94.485672,56,-9.150545826246873,116.64161997795537
1646047,94.542564,56,-9.266360909795656,116.63247641840334
1646054,94.549919,56,-9.281332823862593,116.63128594426408
1646061,94.594841,56,-9.372773182792038,116.62397319103793
1646068,94.662964,56,-9.51142900598998,116.61274680867444
1646075,94.770844,56,-9.730977632511115,116.59463141292385
1646082,94.810524,56,-9.811722513532152,116.58786429692178
1646089,94.846519,56,-9.884964713879928,116.58167725935903
1646096,94.984474,56,-10.165637534293367,116.55753863873998
1646103,94.974899,56,-10.146158847208183,116.55923584447189
1646110,94.957596,56,-10.110958157851853,116.56229461163747
1646124,95.035255,54,-10.44447536843717,118.54076486288633
1646131,95.016823,54,-10.406340372729035,118.54411870711643
1646138,95.001663,54,-10.374974193493314,118.54686799103698
1646145,95.048439,54,-10.471751820573278,118.53835840692379
1646152,95.119614,54,-10.618996567475865,118.52525853968821
1646159,95.110138,54,-10.599393837999985,118.52701316690204
1646166,95.106712,54,-10.592306498653123,118.52764674555296
1646173,95.131889,54,-10.644389076085858,118.52298081467958
1646180,95.174431,54,-10.732389206555547,118.51504470707089
1646187,95.171852,54,-10.727054591585064,118.51552767375739
1646194,95.163887,54,-10.710578995621237,118.51701775516695
1646208,95.248146,51,-11.159266306756637,121.48856232376316
1646215,95.297546,51,-11.264008691566477,121.47889573171265
1646222,95.268219,51,-11.201827916779216,121.48464533151038
1646229,95.267044,51,-11.19933655363816,121.48487502878021
1646243,95.322632,51,-11.317195115554739,121.47395233018668
1646250,95.301239,51,-11.271838591514422,121.47816945758956
1646257,95.279846,51,-11.226480496051943,121.48236964955765
1646264,95.344780,51,-11.36415069598972,121.46956853038887
1646271,95.377213,51,-11.4329082558203,121.46311624857151
1646425,95.856842,51,-12.44927632881545,121.36315552460226
1646432,95.914917,51,-12.572283602614027,121.35047459740503
1646439,95.961464,51,-12.670864375214602,121.34022085023959
1646446,95.961670,51,-12.671300639124679,121.34017529290502
1646453,95.954651,51,-12.656435807137727,121.34172667578042
1646460,95.967712,51,-12.684096229083657,121.33883839418996
1646467,95.965752,51,-12.679945407671427,121.3392722265074
1646474,96.033501,51,-12.823413296883047,121.32419408929664
1646481,96.011108,51,-12.775994992311109,121.329196617947
1646488,96.081741,51,-12.925557260476513,121.3133544565731
1646495,96.093391,51,-12.950223741544287,121.3107237841896
1646502,96.160599,51,-13.092512385804495,121.29544970619284
1646509,96.189445,51,-13.153577849169741,121.28884280825599
1646516,96.217552,51,-13.213075681562032,121.28237559939744
1646523,96.256973,65,-11.770688069977002,107.35665280903322
1646530,96.266930,65,-11.789344592534295,107.35460564912194
1646537,96.327370,65,-11.902583916477523,107.34210961272939
1646544,96.317871,65,-11.884787630687034,107.34408145293092
1646552,96.304718,65,-11.860145071572305,107.34680693379407
1646560,96.337807,65,-11.922137159085132,107.33993965696068
1646567,96.399284,65,-12.03730346013127,107.32708570257888
1646581,96.411186,65,-12.059598157842636,107.32458288887666
1646588,96.473381,65,-12.176092672586385,107.3114288751603
1646595,96.529800,65,-12.281756027784056,107.29938708526713
1646602,96.566185,65,-12.349892740114583,107.29156606792384
1646609,96.590439,61,-12.85439499191168,111.25989632114492
1646616,96.606483,61,-12.885549553264411,111.25629246343942
1646623,96.665131,61,-12.99942480171954,111.24304452335184
1646630,96.698303,61,-13.063827961416983,111.2354997246585
1646637,96.682831,61,-13.03378974680671,111.23902339033742
1646644,96.668488,61,-13.005942587584435,111.2422826869732
1646651,96.666527,61,-13.002135211986795,111.24272776199447
1646665,96.640541,61,-12.951680709598172,111.24861332527531
1646672,96.554100,61,-12.783827469026537,111.26802665295257
1646679,96.568481,61,-12.811754873383896,111.26481446110591
1646686,96.554863,61,-12.785309208870355,111.2678564026178
1646700,96.565826,59,-13.035288284097968,113.25229030509917
1646707,96.608864,59,-13.120354600491837,113.24246683624192
1646714,96.662407,59,-13.226174127264649,113.23015639817547
1646721,96.588402,59,-13.079911564968913,113.2471452772766
1646728,96.600769,59,-13.10435507528009,113.24431940746953
1646742,96.640602,59,-13.183081278208768,113.23518167076936
1646749,96.635460,59,-13.172918952988589,113.23636432815209
1646756,96.627571,59,-13.157327423606255,113.23817702112666
1646763,96.656975,59,-13.215439137366271,113.23140981373749
1646770,96.713539,59,-13.327217901759926,113.21830798505607
1646777,96.767395,59,-13.433633191310427,113.20573085882765
1646791,96.780029,0,-20.424008630645787,171.7901623244338
1646798,96.822533,0,-20.551442910406912,171.7749638169087
1646805,96.781136,0,-20.427327749311846,171.78976768428961
1646812,96.752213,0,-20.340605404223446,171.80005754303366
1646819,96.770279,0,-20.394774871508623,171.7936353825149
1646826,96.806953,0,-20.504732708370494,171.78054586174267
1646833,96.866043,0,-20.681881635543572,171.7593076721415
1646840,96.922554,0,-20.851278271246642,171.738825530091
1646847,96.949852,0,-20.933099144047603,171.7288716559492
1647001,97.348083,0,-22.126175496235092,171.57923055518637
1647008,97.320847,0,-22.044611460991586,171.5897290210982
1647015,97.329659,0,-22.071001428294693,171.58633656545095
1647022,97.445808,37,-17.624021970854415,134.85323077172026
1647029,97.466629,37,-17.67302579637363,134.84681738625022
1647036,97.423698,37,-17.571981836860743,134.86002170519268
1647043,97.426193,37,-17.577854429961583,134.85925638842548
1647050,97.470863,37,-17.68299055580913,134.84551103022736
1647057,97.491966,37,-17.73265522671156,134.83898894092383
1647064,97.452332,37,-17.63937695750555,134.85122313331468
1647071,97.412842,37,-17.54642919631062,134.86334869955905
1647078,97.453415,37,-17.641925900819366,134.8508896912067
1647085,97.500641,37,-17.753070632330985,134.8363025417245
1647092,97.485428,37,-17.717268684631378,134.84101152971442
1647099,97.466118,37,-17.671823146465723,134.84697500010907
1647106,97.416328,0,-22.330527765095916,171.55275436358426
1647113,97.441994,0,-22.407373642992948,171.5427340531312
1647120,97.375710,0,-22.208905356707263,171.56854176350868
1647127,97.323189,0,-22.05162527760247,171.58882779078655
1647134,97.301048,0,-21.985315987268525,171.59733646225385
1647141,97.277718,0,-21.915442251204855,171.60627433440217
1647148,97.261833,0,-21.867864333348646,171.61234369793524
1647155,97.267609,0,-21.885164499911248,171.61013832175482
1647163,97.311035,0,-22.015226104020222,171.59350168228653
1647171,97.352036,0,-22.138013186312563,171.5777035985814
1647178,97.369888,0,-22.1914716360002,171.57079759279722
1647185,97.356781,0,-22.15222246769195,171.57586963131467
1647192,97.385513,0,-22.238259487084008,171.5647394279638
1647199,97.411003,31,-18.316016731574265,140.81379027314296
1647206,97.382721,31,-18.246506842050042,140.82281416043006
1647213,97.339226,31,-18.139598636927488,140.8366250706512
1647220,97.343071,31,-18.14904984759802,140.8354074429772
1647227,97.344963,31,-18.153700452339795,140.834808054993
1647234,97.326378,31,-18.10801699008505,140.84068915156158
1647241,97.342262,31,-18.147061290164267,140.83566368832513
1647249,97.357559,31,-18.184661373163376,140.83081371185563
1647257,97.412392,31,-18.319430421866223,140.81334620347036
1647265,97.402718,31,-18.295654791660073,140.81643730667383
1647272,97.402199,31,-18.294379239174585,140.81660302767304
1647279,97.413986,31,-18.323347919272305,140.8128364923784
1647286,97.443367,27,-18.91373826177105,144.76971542752034
1647293,97.456490,27,-18.946895756977696,144.7653796360657
1647300,97.441345,27,-18.90862924603131,144.7703828137376
1647307,97.466476,27,-18.972126421399917,144.76207520980907
1647314,97.527435,27,-19.126133130458324,144.74180816708068
1647321,97.599396,27,-19.307907395491476,144.71767242464594
1647328,97.615440,27,-19.348430571088812,144.71226013864808
1647335,97.663063,27,-19.468705542356773,144.69612816003408
1647342,97.731522,27,-19.641579595597015,144.6727629894094
1647349,97.760269,27,-19.71416375678717,144.66289001458037
1647356,97.788788,27,-19.7861673301804,144.6530593606029
1647363,97.792625,27,-19.795854452878928,144.65173399057625
1647370,97.834564,27,-19.901730395796573,144.6372051971865
1647377,97.873489,27,-19.999987888440423,144.62365119323408
1647385,97.902756,27,-20.073859834228003,144.613416221856
1647401,97.968666,27,-20.240202054348135,144.5902286491005
1647408,98.004890,27,-20.331612004074778,144.57740332885967
1647415,98.042992,27,-20.427752248275997,144.56385073068253
1647429,98.106552,27,-20.58810884652541,144.54110063965757
1647436,98.172058,27,-20.753348527471065,144.51746788847817
1647444,98.230896,27,-20.901744977904148,144.49607972840874
1647452,98.269531,27,-20.99917507484564,144.48195266598518
1647610,98.907928,24,-23.072216191160006,147.2028289131305
1647617,98.986778,24,-23.27477365141437,147.170937727105
1647624,99.073547,24,-23.497623242279687,147.13552155058912
1647631,99.138985,24,-23.66565261850046,147.1085887572186
1647638,99.145668,24,-23.682811255332204,147.10582738642378
1647645,99.189812,24,-23.79614309787986,147.08753711197025
1647652,99.262321,24,-23.98226632869715,147.05730482277798
1647659,99.291618,24,-24.05745787118404,147.0450227677775
1647666,99.287170,24,-24.046042363448706,147.04688995913932
1647673,99.304192,24,-24.089727454115692,147.0397396324763
1647680,99.335899,24,-24.171094310145318,147.02638606675356
1647687,99.317520,24,-24.12393081613992,147.03413196254158
1647694,99.297852,24,-24.073456789761185,147.0424043539533
1647701,99.283363,0,-27.907886080023385,170.73414976080338
1647708,99.334122,0,-28.05913048523094,170.70935884248638
1647715,99.335777,0,-28.06406144734654,170.70854827769918
1647722,99.353500,0,-28.11686447494698,170.69985920350803
1647729,99.376930,0,-28.186666525401225,170.68834708375914
1647736,99.415901,0,-28.302757475658918,170.6691358133451
1647743,99.469093,0,-28.461190306484966,170.6427866812367
1647750,99.503723,0,-28.56432288514697,170.6255533562106
1647757,99.547920,0,-28.695932053897923,170.60346855664474
1647764,99.664902,0,-29.04419669623539,170.54452391756936
1647771,99.702026,0,-29.154692533843416,170.5256693382467
1647778,99.751434,0,-29.301731464355058,170.50046490608412
1647785,99.809265,21,-25.896063996612398,149.77781501104678
1647792,99.897629,21,-26.12702685583874,149.73769888599958
1647806,100.092003,21,-26.634855630241727,149.64820234655738
1647813,100.187187,21,-26.88342545895441,149.60374806666056
1647820,100.320648,21,-27.231829289764867,149.540721790197
1647827,100.404190,21,-27.449843043816536,149.50085657570608
1647834,100.440811,21,-27.545391953162,149.48328127970257
1647841,100.471642,21,-27.625825282974457,149.46843739544002
1647848,100.556313,21,-27.846677660112007,149.42744909585326
1647855,100.646355,21,-28.081472801129163,149.38350272141648
1647862,100.689133,21,-28.192997218739897,149.36249498392868
1647876,100.902039,15,-29.882601318780523,155.1484132642768
1647883,101.032158,15,-30.234866774252055,155.0801497005443
1647890,101.071922,15,-30.34248708134061,155.05912897252674
1647897,101.149506,15,-30.552424184126743,155.0179001808281
1647904,101.270668,15,-30.880168233309035,154.9529451474948
1647918,101.358047,15,-31.116443413694665,154.90567113337826
1647925,101.432663,15,-31.31814983194276,154.86501700223968
1647932,101.512093,15,-31.53281136837846,154.821451379343
1647939,101.540207,15,-31.60877564791825,154.80596016316545
1647946,101.555168,15,-31.649197302392448,154.7977012429908
1647953,101.605621,15,-31.785495375852424,154.76977186683342
1647960,101.653755,0,-34.945458807135395,169.4338068649784
1647967,101.649933,0,-34.93415639586582,169.43613757669638
1647974,101.649750,0,-34.93361522470716,169.4362491538694
1647981,101.723930,0,-35.15295249614484,169.3908791251872
1647988,101.807533,0,-35.40008128336293,169.3394054705853
1647995,101.808655,0,-35.40339738143578,169.3387122126897
1648002,101.877228,0,-35.60604071857843,169.2962192854493
1648009,101.938118,0,-35.78593691532603,169.25828404864652
1648016,102.052521,0,-36.12382489743154,169.1864925896264
1648023,102.136520,0,-36.37182338775605,169.13335112700238
1648030,102.156250,0,-36.43006288503413,169.1208163361106
1648192,103.056435,0,-39.08254707691422,168.52760757211496
1648199,103.263611,0,-39.69166978948191,168.38518744035275
1648206,103.391327,0,-40.06691234869496,168.2962938832641
1648213,103.621094,0,-40.74148859585173,168.13426511866666
1648220,103.892174,0,-41.53651295201229,167.93962632978352
1648227,104.170090,0,-42.35062055424298,167.73617659488525
1648234,104.352951,0,-42.88573841381723,167.60015942922502
1648241,104.529327,0,-43.40146499927504,167.46734856656894
1648248,104.812912,0,-44.22980829824008,167.250482982564
1648255,104.971039,0,-44.69122330528113,167.12777913763318
1648262,105.187584,0,-45.32254922694752,166.95767886374955
1648269,105.389557,0,-45.91080789984276,166.79687562416672
1648276,105.713684,0,-46.85365206355596,166.53448678369065
1648283,106.053001,0,-47.83907501244517,166.2540913841029
1648290,106.484909,0,-49.09096329118425,165.8887498389918
1648297,106.900047,0,-50.29161527650041,165.52870878757096
1648304,107.328644,0,-51.52842237870742,165.14787823996264
1648311,107.759331,0,-52.76835602618879,164.75588184430134
1648318,108.207626,0,-54.055814569613105,164.33797160490818
1648325,108.673859,0,-55.39127768004693,163.89266718487417
1648332,109.048363,0,-56.461343006277275,163.52711318288326
1648339,109.435272,0,-57.56431904717354,163.14211342456986
1648346,109.833420,0,-58.69659356869912,162.7381636354268
1648353,110.301018,0,-60.02275056678114,162.25371926214194
1648360,110.782372,0,-61.38374425094763,161.7437354018209
1648367,111.239151,24,-53.976971751497075,138.87939559394002
1648975,-179.780624,22,0.0,0.0
1648982,-178.924866,22,0.0,0.0
1648989,-178.032288,22,0.0,0.0
1648996,-177.144577,22,0.0,0.0
1649003,-176.182510,22,0.0,0.0
1649010,-175.317551,22,0.0,0.0
1649017,-174.518661,22,0.0,0.0
1649024,-173.712982,22,0.0,0.0
1649031,-172.991913,21,-0.992528940533452,-0.12200943489559832
1649038,-172.364105,21,-0.991132488970227,-0.13287734685672695
1649045,-171.782440,21,-0.9897324715342423,-0.142932273439977
1649052,-171.232758,21,-0.988315687275753,-0.15242080660020124
1649059,-170.739410,21,-0.986966639593866,-0.16092498975855749
1649066,-170.313614,21,-0.98574347587695,-0.16825516267273646
1649073,-169.987839,21,-0.9847708740925586,-0.17385719869760374
1649080,-169.724579,21,-0.9839616507748602,-0.17838012726874042
1649087,-169.491852,21,-0.9832289820118619,-0.18237535176639902
1649094,-169.313828,21,-0.9826575774736304,-0.1854294621511265
1649101,-169.169846,21,-0.9821884984257727,-0.18789825321201328
1649108,-169.064148,21,-0.9818401967428664,-0.1897098523006369
1649115,-168.971954,20,-1.9630673315852052,-0.3825789482746566
1649122,-168.893051,20,-1.9625386142939605,-0.3852819583177256
1649129,-168.812561,20,-1.9619954278581535,-0.38803858192672125
1649136,-168.708618,20,-1.9612882403966831,-0.39159729069757687
1649143,-168.604156,20,-1.9605710185854799,-0.3951724700465535
1649150,-168.558578,20,-1.960256044062427,-0.39673195197352545
1649157,-168.455902,20,-1.9595419396225293,-0.4002441590584125
1649164,-168.353119,20,-1.9588207883202409,-0.40375873890786523
1649319,-167.116409,20,-1.9496501821132417,-0.4459418879022282
1649333,-166.947571,20,-1.9483276269295857,-0.45168513163810114
1649340,-166.913116,20,-1.9480556523668406,-0.4528566829379941
1649347,-166.805679,18,-3.8944061264026653,-0.9130174821093991
1649354,-166.701569,18,-3.8927406885755276,-0.9200923494457103
1649361,-166.573410,18,-3.8906728927397882,-0.9287973092660254
1649368,-166.482422,18,-3.8891930200259957,-0.9349746803957178
1649375,-166.417664,18,-3.888133790060547,-0.9393698050232427
1649382,-166.284454,18,-3.885939292823205,-0.9484069867375973
1649389,-166.179276,18,-3.8841917533949504,-0.9555388128478403
1649396,-166.061142,18,-3.8822133427176033,-0.963545308548286
1649403,-165.938950,18,-3.8801496081997517,-0.9718225239143791
1649410,-165.828232,18,-3.8782644211841615,-0.9793186812152016
1649417,-165.727951,18,-3.876544445395063,-0.9861050465729722
1649424,-165.613068,18,-3.874559428127019,-0.9938758664501469
1649431,-165.541504,18,-3.8733150279440354,-0.9987145209232204
1649438,-165.492905,18,-3.872466512485593,-1.0019995557272818
1649445,-165.465088,18,-3.87197958709919,-1.0038795132321328
1649452,-165.446609,18,-3.871655615114823,-1.005128249503445
1649459,-165.417984,18,-3.8711529693774374,-1.0070624050575259
1649466,-165.381134,18,-3.8705044727347886,-1.0095519434580842
1649473,-165.369385,18,-3.8702973739174076,-1.0103456029735653
1649481,-165.350693,18,-3.8699675559026514,-1.0116081831721497
1649489,-165.339645,18,-3.8697724216472715,-1.0123543868913745
1649497,-165.322067,18,-3.869461655308344,-1.0135415620971906
1649505,-165.282486,18,-3.868760558514846,-1.0162144167841238
1649513,-165.256775,18,-3.8683041513185064,-1.0179503882272503
1649521,-165.237503,18,-3.8679615348555645,-1.019251472835721
1649529,-165.210464,18,-3.867480099436917,-1.0210767260394373
1649537,-165.185318,18,-3.867031596324229,-1.022773989222489
1649545,-165.167313,18,-3.8667100022141785,-1.0239891399701593
1649553,-165.150391,18,-3.866407403895676,-1.0251311072739417
1649561,-165.130447,18,-3.866050333350538,-1.026476896963685
1649569,-165.110748,18,-3.8656971893653522,-1.0278060323489133
1649577,-165.096695,18,-3.8654449819552514,-1.0287541453024458
1649593,-165.071396,18,-3.8649903578879314,-1.0304608354679563
1649601,-165.056793,18,-3.8647275983610214,-1.0314458737455159
1649609,-165.044235,18,-3.864501434828384,-1.0322929139587074
1649617,-165.036102,18,-3.8643548643651027,-1.03284146036929
1649625,-165.026566,18,-3.8641829102909564,-1.0334846084075533
1649633,-165.015915,18,-3.863990723884327,-1.0342029229004703
1649641,-165.006348,18,-3.8638179833146165,-1.0348481008411667
1649649,-165.000580,18,-3.863713784965559,-1.0352370684375216
1649657,-164.992661,18,-3.863570665231138,-1.0357710725664353
1649665,-164.985001,18,-3.863432156168742,-1.0362875926504882
1649673,-164.979294,18,-3.863328916603492,-1.0366724083022996
1649681,-164.974045,18,-3.863233928414215,-1.0370263325245273
1649689,-164.968857,18,-3.863140012247082,-1.0373761351484887
1649697,-164.963516,18,-3.86304329329741,-1.0377362449629959
1649705,-164.959885,18,-3.8629775211796096,-1.037981055155169
1649713,-164.956055,18,-3.8629081275528363,-1.0382392778575857
1649721,-164.952347,18,-3.862840927930749,-1.0384892707693762
1649729,-164.948761,18,-3.8627759239105592,-1.038731034318762
1649737,-164.945587,18,-3.862718375659644,-1.0389450179587572
1649745,-164.942596,18,-3.8626641345596298,-1.0391466612498481
1649753,-164.939178,18,-3.8626021370247554,-1.0393770879963602
1649761,-164.937195,18,-3.8625661619960447,-1.0395107715666745
1649937,-164.903854,18,-3.8619606061121536,-1.041758262188424
1649945,-164.902679,18,-3.861939241318828,-1.0418374615849424
1649953,-164.902328,18,-3.861932858839975,-1.0418611202132926
1649961,-164.901291,18,-3.8619140014959856,-1.0419310174139476
1649969,-164.900284,18,-3.8618956884767996,-1.0419988921895769
1649977,-164.900787,18,-3.8619048360426493,-1.0419649885434714
1649985,-164.899765,19,-2.8964146872170313,-0.7815254056481253
1649993,-164.899536,19,-2.89641156359004,-0.7815369820436526
1650001,-164.899353,19,-2.8964090673832437,-0.7815462330407128
1650009,-164.899109,19,-2.8964057390615543,-0.7815585676910538
1650025,-164.898834,19,-2.896401987816359,-0.7815724694316231
1650033,-164.898712,19,-2.896400323606215,-0.7815786367434914
1650041,-164.898605,19,-2.8963988640012626,-0.781584045776393
1650049,-164.898529,19,-2.8963978272663766,-0.7815878877046488
1650065,-164.898392,19,-2.896395958402458,-0.781594813282374
1650073,-164.897644,19,-2.8963857543862597,-0.7816326258469113
1650081,-164.897614,17,-4.827308908539961,-1.3027235706513995
1650089,-164.896912,17,-4.827292946933114,-1.3027827157626124
1650097,-164.897507,17,-4.8273064756922786,-1.302732585659617
1650105,-164.896881,17,-4.8272922420591255,-1.3027853275792534
1650113,-164.896835,17,-4.827291196114473,-1.3027892031774386
1650121,-164.896896,17,-4.827292583127361,-1.3027840637970545
1650129,-164.897003,17,-4.8272950160711785,-1.3027750488147836
1650137,-164.896301,17,-4.827279053833612,-1.3028341937557788
1650153,-164.896423,17,-4.827281827949715,-1.3028239150193905
1650169,-164.895187,17,-4.827253721957822,-1.3029280501410483
1650177,-164.895203,17,-4.8272540858037845,-1.3029267021174562
1650185,-164.895309,18,-3.8618051970190197,-1.0423342171668792
1650193,-164.894730,18,-3.8617946635588827,-1.0423732424175793
1650201,-164.894791,18,-3.8617957733202455,-1.0423691309540426
1650209,-164.894257,18,-3.861786058211549,-1.0424051230701559
1650217,-164.894272,18,-3.861786331112439,-1.0424041120568954
1650225,-164.893738,18,-3.8617766156777176,-1.0424401040850035
1650233,-164.893860,18,-3.8617788353384355,-1.0424318811951778
1650241,-164.893311,18,-3.861768846727321,-1.0424688841621799
1650249,-164.893372,18,-3.861769956590509,-1.0424647727261291
1650257,-164.892838,18,-3.861760240590427,-1.0425007646016229
1650265,-164.892975,18,-3.861762733304086,-1.0424915307395803
1650273,-164.892426,18,-3.8617527441214183,-1.042528533552294
